mirna_name,P-value,FDR,Bonferroni,A,B,observed_ratio,C,D,expected_ratio,foldchange_enrichment
hsa-let-7a-2-3p,1.0,1.0,1.0,0,4,0.0,539,26380,0.020432145564821834,0.0
hsa-let-7a-3p,0.23367069961947726,1.0,1.0,1,4,0.25,1698,26380,0.0643669446550417,3.8839811542991756
hsa-let-7a-5p,0.6100818293900117,1.0,1.0,2,4,0.5,11888,26380,0.4506444275966641,1.1095222072678332
hsa-let-7b-3p,0.28180108566067286,1.0,1.0,1,4,0.25,2095,26380,0.07941622441243366,3.1479713603818613
hsa-let-7b-5p,0.2275765495569167,1.0,1.0,3,4,0.75,11593,26380,0.439461713419257,1.7066333132062452
hsa-let-7c-3p,1.0,1.0,1.0,0,4,0.0,203,26380,0.0076952236542835485,0.0
hsa-let-7c-5p,0.5169310299112546,1.0,1.0,2,4,0.5,10432,26380,0.3954510993176649,1.2643788343558282
hsa-let-7d-3p,0.11534986689975296,1.0,1.0,1,4,0.25,796,26380,0.030174374526156178,8.285175879396984
hsa-let-7d-5p,0.5477295333896397,1.0,1.0,2,4,0.5,10904,26380,0.4133434420015163,1.2096478356566398
hsa-let-7e-3p,1.0,1.0,1.0,0,4,0.0,561,26380,0.021266110689916604,0.0
hsa-let-7e-5p,0.5361075134827857,1.0,1.0,2,4,0.5,10725,26380,0.4065579984836998,1.2298368298368298
hsa-let-7f-1-3p,0.12361998379200637,1.0,1.0,1,4,0.25,856,26380,0.03244882486732373,7.704439252336449
hsa-let-7f-2-3p,0.37528473164592896,1.0,1.0,1,4,0.25,2927,26380,0.11095526914329037,2.2531602323197815
hsa-let-7f-5p,0.4769044348116848,1.0,1.0,2,4,0.5,9828,26380,0.3725549658832449,1.3420838420838421
hsa-let-7g-3p,0.04625234148737977,0.8752366158381094,1.0,2,4,0.5,2470,26380,0.09363153904473086,5.340080971659919
hsa-let-7g-5p,0.5300404543099673,1.0,1.0,2,4,0.5,10632,26380,0.4030326004548901,1.240594431903687
hsa-let-7i-3p,0.2753914170399608,1.0,1.0,1,4,0.25,2041,26380,0.07736921910538287,3.2312591866731992
hsa-let-7i-5p,0.5514789135105688,1.0,1.0,2,4,0.5,10962,26380,0.4155420773313116,1.2032475825579274
hsa-miR-1-3p,0.6776914203900819,1.0,1.0,1,4,0.25,6503,26380,0.24651250947687642,1.014147316623097
hsa-miR-100-3p,1.0,1.0,1.0,0,4,0.0,841,26380,0.03188021228203184,0.0
hsa-miR-100-5p,1.0,1.0,1.0,0,4,0.0,1068,26380,0.04048521607278241,0.0
hsa-miR-101-2-5p,1.0,1.0,1.0,0,4,0.0,4,26380,0.00015163002274450342,0.0
hsa-miR-101-3p,0.30350770585909265,1.0,1.0,2,4,0.5,7239,26380,0.2744124336618651,1.8220748722199198
hsa-miR-101-5p,1.0,1.0,1.0,0,4,0.0,786,26380,0.02979529946929492,0.0
hsa-miR-10393-5p,1.0,1.0,1.0,0,4,0.0,1,26380,3.7907505686125855e-05,0.0
hsa-miR-10394-3p,1.0,1.0,1.0,0,4,0.0,3,26380,0.00011372251705837755,0.0
hsa-miR-10395-3p,1.0,1.0,1.0,0,4,0.0,15,26380,0.0005686125852918878,0.0
hsa-miR-10399-3p,1.0,1.0,1.0,0,4,0.0,135,26380,0.00511751326762699,0.0
hsa-miR-10399-5p,1.0,1.0,1.0,0,4,0.0,278,26380,0.010538286580742988,0.0
hsa-miR-103a-1-5p,0.06910051302057878,0.9944631258654123,1.0,1,4,0.25,468,26380,0.0177407126611069,14.09188034188034
hsa-miR-103a-2-5p,1.0,1.0,1.0,0,4,0.0,1060,26380,0.0401819560272934,0.0
hsa-miR-103a-3p,0.46306731197240725,1.0,1.0,2,4,0.5,9621,26380,0.36470811220621685,1.3709593597339154
hsa-miR-103b,1.0,1.0,1.0,0,4,0.0,947,26380,0.03589840788476118,0.0
hsa-miR-10401-3p,1.0,1.0,1.0,0,4,0.0,5,26380,0.00018953752843062926,0.0
hsa-miR-105-3p,1.0,1.0,1.0,0,4,0.0,455,26380,0.017247915087187263,0.0
hsa-miR-105-5p,0.11576475732985482,1.0,1.0,1,4,0.25,799,26380,0.030288097043214557,8.2540675844806
hsa-miR-10522-5p,1.0,1.0,1.0,0,4,0.0,137,26380,0.005193328278999242,0.0
hsa-miR-10527-5p,1.0,1.0,1.0,0,4,0.0,39,26380,0.0014783927217589083,0.0
hsa-miR-106a-3p,1.0,1.0,1.0,0,4,0.0,350,26380,0.013267626990144048,0.0
hsa-miR-106a-5p,0.10547105416093076,1.0,1.0,3,4,0.75,8624,26380,0.32691432903714934,2.294179035250464
hsa-miR-106b-3p,1.0,1.0,1.0,0,4,0.0,1055,26380,0.03999241849886277,0.0
hsa-miR-106b-5p,0.12322747881457506,1.0,1.0,3,4,0.75,9143,26380,0.34658832448824867,2.163950563272449
hsa-miR-107,0.4106198764135862,1.0,1.0,2,4,0.5,8841,26380,0.3351402577710387,1.4919126795611355
hsa-miR-10a-3p,1.0,1.0,1.0,0,4,0.0,255,26380,0.009666413949962092,0.0
hsa-miR-10a-5p,0.08703414081850597,1.0,1.0,2,4,0.5,3482,26380,0.13199393479909022,3.788052843193567
hsa-miR-10b-3p,1.0,1.0,1.0,0,4,0.0,38,26380,0.0014404852160727823,0.0
hsa-miR-10b-5p,0.41915237605086514,1.0,1.0,1,4,0.25,3350,26380,0.1269901440485216,1.9686567164179105
hsa-miR-1179,1.0,1.0,1.0,0,4,0.0,420,26380,0.01592115238817286,0.0
hsa-miR-1180-3p,1.0,1.0,1.0,0,4,0.0,1551,26380,0.0587945413191812,0.0
hsa-miR-1182,1.0,1.0,1.0,0,4,0.0,85,26380,0.0032221379833206974,0.0
hsa-miR-1185-1-3p,1.0,1.0,1.0,0,4,0.0,189,26380,0.007164518574677786,0.0
hsa-miR-1185-2-3p,1.0,1.0,1.0,0,4,0.0,17,26380,0.0006444275966641395,0.0
hsa-miR-1185-5p,1.0,1.0,1.0,0,4,0.0,429,26380,0.016262319939347993,0.0
hsa-miR-1197,1.0,1.0,1.0,0,4,0.0,362,26380,0.013722517058377558,0.0
hsa-miR-12135,1.0,1.0,1.0,0,4,0.0,28,26380,0.0010614101592115238,0.0
hsa-miR-12136,1.0,1.0,1.0,0,4,0.0,16,26380,0.0006065200909780137,0.0
hsa-miR-122-3p,1.0,1.0,1.0,0,4,0.0,1,26380,3.7907505686125855e-05,0.0
hsa-miR-122-5p,0.052360812579647927,0.9104137861200683,1.0,2,4,0.5,2640,26380,0.10007581501137225,4.996212121212121
hsa-miR-1224-3p,1.0,1.0,1.0,0,4,0.0,7,26380,0.00026535253980288095,0.0
hsa-miR-1224-5p,1.0,1.0,1.0,0,4,0.0,216,26380,0.008188021228203184,0.0
hsa-miR-1225-3p,1.0,1.0,1.0,0,4,0.0,286,26380,0.010841546626231994,0.0
hsa-miR-1225-5p,0.012981560043106884,0.656347246303,1.0,2,4,0.5,1268,26380,0.04806671721000758,10.402208201892744
hsa-miR-1226-3p,1.0,1.0,1.0,0,4,0.0,312,26380,0.011827141774071267,0.0
hsa-miR-1226-5p,1.0,1.0,1.0,0,4,0.0,224,26380,0.00849128127369219,0.0
hsa-miR-1229-3p,1.0,1.0,1.0,0,4,0.0,28,26380,0.0010614101592115238,0.0
hsa-miR-122b-5p,1.0,1.0,1.0,0,4,0.0,44,26380,0.0016679302501895375,0.0
hsa-miR-1234-3p,1.0,1.0,1.0,0,4,0.0,140,26380,0.00530705079605762,0.0
hsa-miR-1236-3p,1.0,1.0,1.0,0,4,0.0,90,26380,0.003411675511751327,0.0
hsa-miR-1237-3p,1.0,1.0,1.0,0,4,0.0,18,26380,0.0006823351023502654,0.0
hsa-miR-124-3p,0.3291596546712277,1.0,1.0,2,4,0.5,7627,26380,0.2891205458680819,1.729382457060443
hsa-miR-124-5p,1.0,1.0,1.0,0,4,0.0,660,26380,0.025018953752843062,0.0
hsa-miR-1244,1.0,1.0,1.0,0,4,0.0,40,26380,0.001516300227445034,0.0
hsa-miR-1246,1.0,1.0,1.0,0,4,0.0,456,26380,0.01728582259287339,0.0
hsa-miR-1247-5p,1.0,1.0,1.0,0,4,0.0,48,26380,0.0018195602729340408,0.0
hsa-miR-1248,1.0,1.0,1.0,0,4,0.0,58,26380,0.0021986353297952996,0.0
hsa-miR-1249-3p,1.0,1.0,1.0,0,4,0.0,234,26380,0.00887035633055345,0.0
hsa-miR-1250-5p,0.016875669041212783,0.6575515618249944,1.0,1,4,0.25,112,26380,0.004245640636846095,58.88392857142858
hsa-miR-1251-5p,1.0,1.0,1.0,0,4,0.0,87,26380,0.0032979529946929494,0.0
hsa-miR-1252-5p,1.0,1.0,1.0,0,4,0.0,2,26380,7.581501137225171e-05,0.0
hsa-miR-1255a,1.0,1.0,1.0,0,4,0.0,387,26380,0.014670204700530706,0.0
hsa-miR-125a-3p,1.0,1.0,1.0,0,4,0.0,2413,26380,0.09147081122062169,0.0
hsa-miR-125a-5p,0.022231028311528626,0.6638832002286343,1.0,2,4,0.5,1677,26380,0.06357088703563306,7.865235539654144
hsa-miR-125b-1-3p,1.0,1.0,1.0,0,4,0.0,1936,26380,0.07338893100833965,0.0
hsa-miR-125b-2-3p,0.13849551962482456,1.0,1.0,1,4,0.25,965,26380,0.03658074298711145,6.83419689119171
hsa-miR-125b-5p,0.2543242107719641,1.0,1.0,1,4,0.25,1866,26380,0.07073540561031084,3.5342979635584135
hsa-miR-126-3p,1.0,1.0,1.0,0,4,0.0,1162,26380,0.04404852160727824,0.0
hsa-miR-126-5p,0.010724487363955926,0.656347246303,1.0,2,4,0.5,1149,26380,0.043555724033358605,11.479547432550044
hsa-miR-1260a,1.0,1.0,1.0,0,4,0.0,105,26380,0.003980288097043215,0.0
hsa-miR-1260b,1.0,1.0,1.0,0,4,0.0,153,26380,0.005799848369977255,0.0
hsa-miR-1262,1.0,1.0,1.0,0,4,0.0,102,26380,0.003866565579984837,0.0
hsa-miR-1263,1.0,1.0,1.0,0,4,0.0,36,26380,0.0013646702047005307,0.0
hsa-miR-1264,1.0,1.0,1.0,0,4,0.0,374,26380,0.014177407126611068,0.0
hsa-miR-1266-5p,1.0,1.0,1.0,0,4,0.0,987,26380,0.037414708112206214,0.0
hsa-miR-1267,1.0,1.0,1.0,0,4,0.0,6,26380,0.0002274450341167551,0.0
hsa-miR-1268a,1.0,1.0,1.0,0,4,0.0,137,26380,0.005193328278999242,0.0
hsa-miR-1268b,1.0,1.0,1.0,0,4,0.0,125,26380,0.0047384382107657315,0.0
hsa-miR-1269a,1.0,1.0,1.0,0,4,0.0,641,26380,0.02429871114480667,0.0
hsa-miR-1269b,1.0,1.0,1.0,0,4,0.0,490,26380,0.018574677786201668,0.0
hsa-miR-127-3p,1.0,1.0,1.0,0,4,0.0,456,26380,0.01728582259287339,0.0
hsa-miR-127-5p,1.0,1.0,1.0,0,4,0.0,1348,26380,0.05109931766489765,0.0
hsa-miR-1270,0.010293754853840755,0.656347246303,1.0,2,4,0.5,1125,26380,0.04264594389689159,11.724444444444444
hsa-miR-1271-3p,0.004326709530011316,0.656347246303,1.0,2,4,0.5,722,26380,0.027369219105382866,18.26869806094183
hsa-miR-1271-5p,0.4013972040487811,1.0,1.0,1,4,0.25,3176,26380,0.12039423805913571,2.0765113350125946
hsa-miR-1273h-3p,1.0,1.0,1.0,0,4,0.0,102,26380,0.003866565579984837,0.0
hsa-miR-1273h-5p,1.0,1.0,1.0,0,4,0.0,920,26380,0.034874905231235785,0.0
hsa-miR-1275,0.12636376023884724,1.0,1.0,1,4,0.25,876,26380,0.033206974981046244,7.5285388127853885
hsa-miR-1276,1.0,1.0,1.0,0,4,0.0,176,26380,0.00667172100075815,0.0
hsa-miR-1277-3p,1.0,1.0,1.0,0,4,0.0,78,26380,0.0029567854435178166,0.0
hsa-miR-1277-5p,1.0,1.0,1.0,0,4,0.0,29,26380,0.0010993176648976498,0.0
hsa-miR-1278,1.0,1.0,1.0,0,4,0.0,9,26380,0.0003411675511751327,0.0
hsa-miR-128-1-5p,1.0,1.0,1.0,0,4,0.0,1730,26380,0.06557998483699773,0.0
hsa-miR-128-2-5p,1.0,1.0,1.0,0,4,0.0,35,26380,0.001326762699014405,0.0
hsa-miR-128-3p,0.016495810585826113,0.6575515618249944,1.0,3,4,0.75,4425,26380,0.1677407126611069,4.471186440677966
hsa-miR-1282,1.0,1.0,1.0,0,4,0.0,60,26380,0.002274450341167551,0.0
hsa-miR-1283,1.0,1.0,1.0,0,4,0.0,151,26380,0.005724033358605004,0.0
hsa-miR-1284,1.0,1.0,1.0,0,4,0.0,213,26380,0.008074298711144807,0.0
hsa-miR-1285-3p,1.0,1.0,1.0,0,4,0.0,3400,26380,0.1288855193328279,0.0
hsa-miR-1285-5p,1.0,1.0,1.0,0,4,0.0,242,26380,0.009173616376042457,0.0
hsa-miR-1286,1.0,1.0,1.0,0,4,0.0,98,26380,0.0037149355572403337,0.0
hsa-miR-1287-3p,1.0,1.0,1.0,0,4,0.0,254,26380,0.009628506444275967,0.0
hsa-miR-1287-5p,1.0,1.0,1.0,0,4,0.0,1365,26380,0.05174374526156179,0.0
hsa-miR-1288-3p,1.0,1.0,1.0,0,4,0.0,13,26380,0.0004927975739196361,0.0
hsa-miR-129-1-3p,1.0,1.0,1.0,0,4,0.0,633,26380,0.023995451099317666,0.0
hsa-miR-129-2-3p,0.3308871879671848,1.0,1.0,1,4,0.25,2521,26380,0.09556482183472327,2.6160253867512893
hsa-miR-129-5p,0.05275474084343042,0.9104137861200683,1.0,1,4,0.25,355,26380,0.013457164518574679,18.577464788732392
hsa-miR-1290,0.11728477380751087,1.0,1.0,1,4,0.25,810,26380,0.03070507960576194,8.141975308641975
hsa-miR-1291,1.0,1.0,1.0,0,4,0.0,56,26380,0.0021228203184230476,0.0
hsa-miR-1292-5p,1.0,1.0,1.0,0,4,0.0,525,26380,0.01990144048521607,0.0
hsa-miR-1293,1.0,1.0,1.0,0,4,0.0,391,26380,0.014821834723275208,0.0
hsa-miR-1294,1.0,1.0,1.0,0,4,0.0,1,26380,3.7907505686125855e-05,0.0
hsa-miR-1295a,1.0,1.0,1.0,0,4,0.0,54,26380,0.002047005307050796,0.0
hsa-miR-1296-3p,1.0,1.0,1.0,0,4,0.0,104,26380,0.003942380591357089,0.0
hsa-miR-1296-5p,0.21335133519934285,1.0,1.0,1,4,0.25,1536,26380,0.05822592873388931,4.293619791666667
hsa-miR-1297,1.0,1.0,1.0,0,4,0.0,285,26380,0.010803639120545869,0.0
hsa-miR-1298-5p,1.0,1.0,1.0,0,4,0.0,299,26380,0.01133434420015163,0.0
hsa-miR-1299,1.0,1.0,1.0,0,4,0.0,406,26380,0.015390447308567097,0.0
hsa-miR-1301-3p,0.09663613859491159,1.0,1.0,2,4,0.5,3690,26380,0.13987869598180439,3.574525745257453
hsa-miR-1302,1.0,1.0,1.0,0,4,0.0,65,26380,0.0024639878695981803,0.0
hsa-miR-1303,1.0,1.0,1.0,0,4,0.0,475,26380,0.01800606520090978,0.0
hsa-miR-1304-3p,1.0,1.0,1.0,0,4,0.0,1313,26380,0.049772554965883245,0.0
hsa-miR-1304-5p,1.0,1.0,1.0,0,4,0.0,250,26380,0.009476876421531463,0.0
hsa-miR-1305,1.0,1.0,1.0,0,4,0.0,111,26380,0.00420773313115997,0.0
hsa-miR-1306-3p,1.0,1.0,1.0,0,4,0.0,113,26380,0.004283548142532221,0.0
hsa-miR-1306-5p,1.0,1.0,1.0,0,4,0.0,191,26380,0.007240333586050038,0.0
hsa-miR-1307-3p,1.0,1.0,1.0,0,4,0.0,589,26380,0.02232752084912813,0.0
hsa-miR-1307-5p,1.0,1.0,1.0,0,4,0.0,479,26380,0.018157695223654284,0.0
hsa-miR-130a-3p,0.190942835513642,1.0,1.0,2,4,0.5,5449,26380,0.20655799848369977,2.420627638098734
hsa-miR-130a-5p,1.0,1.0,1.0,0,4,0.0,154,26380,0.005837755875663381,0.0
hsa-miR-130b-3p,0.250946959282739,1.0,1.0,2,4,0.5,6426,26380,0.24359363153904473,2.0525988173046996
hsa-miR-130b-5p,0.23056097954446425,1.0,1.0,1,4,0.25,1673,26380,0.06341925701288856,3.9420203227734603
hsa-miR-132-3p,0.39309870783565365,1.0,1.0,1,4,0.25,3096,26380,0.11736163760424564,2.1301679586563305
hsa-miR-132-5p,1.0,1.0,1.0,0,4,0.0,349,26380,0.013229719484457923,0.0
hsa-miR-1323,1.0,1.0,1.0,0,4,0.0,72,26380,0.0027293404094010615,0.0
hsa-miR-133a-3p,0.01911727014045867,0.6575515618249944,1.0,2,4,0.5,1550,26380,0.05875663381349507,8.509677419354839
hsa-miR-133a-5p,0.04075912001111709,0.821864223174984,1.0,1,4,0.25,273,26380,0.010348749052312358,24.157509157509157
hsa-miR-133b,0.13101338808657234,1.0,1.0,1,4,0.25,910,26380,0.03449583017437453,7.247252747252747
hsa-miR-134-3p,1.0,1.0,1.0,0,4,0.0,10,26380,0.0003790750568612585,0.0
hsa-miR-134-5p,1.0,1.0,1.0,0,4,0.0,905,26380,0.0343062926459439,0.0
hsa-miR-1343-3p,1.0,1.0,1.0,0,4,0.0,1333,26380,0.05053070507960576,0.0
hsa-miR-135a-2-3p,0.13863110954894417,1.0,1.0,1,4,0.25,966,26380,0.036618650492797576,6.8271221532091095
hsa-miR-135a-3p,1.0,1.0,1.0,0,4,0.0,22,26380,0.0008339651250947687,0.0
hsa-miR-135a-5p,1.0,1.0,1.0,0,4,0.0,622,26380,0.02357846853677028,0.0
hsa-miR-135b-3p,1.0,1.0,1.0,0,4,0.0,1894,26380,0.07179681576952236,0.0
hsa-miR-135b-5p,1.0,1.0,1.0,0,4,0.0,2146,26380,0.08134950720242608,0.0
hsa-miR-136-3p,1.0,1.0,1.0,0,4,0.0,686,26380,0.026004548900682337,0.0
hsa-miR-136-5p,1.0,1.0,1.0,0,4,0.0,307,26380,0.011637604245640637,0.0
hsa-miR-137-3p,1.0,1.0,1.0,0,4,0.0,345,26380,0.013078089461713419,0.0
hsa-miR-137-5p,1.0,1.0,1.0,0,4,0.0,71,26380,0.0026914329037149355,0.0
hsa-miR-138-1-3p,0.044867919109640046,0.8752366158381094,1.0,1,4,0.25,301,26380,0.011410159211523881,21.910299003322258
hsa-miR-138-2-3p,1.0,1.0,1.0,0,4,0.0,629,26380,0.023843821076573162,0.0
hsa-miR-138-5p,0.10763765763631547,1.0,1.0,2,4,0.5,3919,26380,0.1485595147839272,3.3656545036999237
hsa-miR-139-3p,0.15878904069745686,1.0,1.0,1,4,0.25,1116,26380,0.04230477634571645,5.909498207885305
hsa-miR-139-5p,0.08781090717402294,1.0,1.0,3,4,0.75,8056,26380,0.30538286580742985,2.4559334657398213
hsa-miR-140-3p,0.292389253926118,1.0,1.0,1,4,0.25,2185,26380,0.08282789992418499,3.0183066361556063
hsa-miR-140-5p,0.2812093910834823,1.0,1.0,1,4,0.25,2090,26380,0.07922668688400303,3.1555023923444976
hsa-miR-141-3p,0.2709749043885655,1.0,1.0,1,4,0.25,2004,26380,0.0759666413949962,3.290918163672655
hsa-miR-141-5p,1.0,1.0,1.0,0,4,0.0,2962,26380,0.11228203184230477,0.0
hsa-miR-142-3p,0.03542560562280484,0.73853381213644,1.0,2,4,0.5,2143,26380,0.0812357846853677,6.154923005132991
hsa-miR-142-5p,0.020020417725838905,0.6575515618249944,1.0,3,4,0.75,4736,26380,0.17952994692949203,4.177576013513514
hsa-miR-143-3p,0.29949881348382273,1.0,1.0,1,4,0.25,2246,26380,0.08514025777103866,2.9363312555654497
hsa-miR-143-5p,1.0,1.0,1.0,0,4,0.0,598,26380,0.02266868840030326,0.0
hsa-miR-144-3p,1.0,1.0,1.0,0,4,0.0,155,26380,0.005875663381349507,0.0
hsa-miR-144-5p,0.09596596112258887,1.0,1.0,1,4,0.25,657,26380,0.024905231235784687,10.038051750380516
hsa-miR-145-3p,0.3869235093935859,1.0,1.0,1,4,0.25,3037,26380,0.11512509476876422,2.1715508725716166
hsa-miR-145-5p,1.0,1.0,1.0,0,4,0.0,1322,26380,0.050113722517058375,0.0
hsa-miR-1468-3p,1.0,1.0,1.0,0,4,0.0,3,26380,0.00011372251705837755,0.0
hsa-miR-1468-5p,1.0,1.0,1.0,0,4,0.0,198,26380,0.0075056861258529185,0.0
hsa-miR-146a-3p,1.0,1.0,1.0,0,4,0.0,103,26380,0.003904473085670963,0.0
hsa-miR-146a-5p,0.1564520347622043,1.0,1.0,2,4,0.5,4849,26380,0.18381349507202427,2.720148484223551
hsa-miR-146b-3p,0.00635362852990664,0.656347246303,1.0,1,4,0.25,42,26380,0.001592115238817286,157.02380952380952
hsa-miR-146b-5p,0.07118347900917277,0.9975964619932531,1.0,2,4,0.5,3118,26380,0.1181956027293404,4.230275817831944
hsa-miR-147a,0.3468961411775882,1.0,1.0,1,4,0.25,2665,26380,0.1010235026535254,2.474671669793621
hsa-miR-147b-3p,0.27479576677588197,1.0,1.0,1,4,0.25,2036,26380,0.07717968157695224,3.2391944990176817
hsa-miR-148a-3p,0.6396614761744176,1.0,1.0,1,4,0.25,5941,26380,0.22520849128127368,1.1100824776973575
hsa-miR-148a-5p,0.28085419889270774,1.0,1.0,1,4,0.25,2087,26380,0.07911296436694465,3.160038332534739
hsa-miR-148b-3p,0.6445729189160326,1.0,1.0,1,4,0.25,6011,26380,0.2278620166793025,1.097155215438363
hsa-miR-148b-5p,0.017549290950213486,0.6575515618249944,1.0,3,4,0.75,4522,26380,0.1714177407126611,4.375276426360018
hsa-miR-149-3p,1.0,1.0,1.0,0,4,0.0,21,26380,0.000796057619408643,0.0
hsa-miR-149-5p,0.2396149287543063,1.0,1.0,1,4,0.25,1746,26380,0.06618650492797575,3.7772050400916375
hsa-miR-150-3p,1.0,1.0,1.0,0,4,0.0,200,26380,0.0075815011372251705,0.0
hsa-miR-150-5p,1.0,1.0,1.0,0,4,0.0,869,26380,0.032941622441243365,0.0
hsa-miR-151a-3p,0.3219804631073941,1.0,1.0,1,4,0.25,2442,26380,0.09257012888551933,2.7006552006552007
hsa-miR-151a-5p,1.0,1.0,1.0,0,4,0.0,2922,26380,0.11076573161485974,0.0
hsa-miR-151b,0.28251063686642086,1.0,1.0,1,4,0.25,2101,26380,0.07964366944655042,3.1389814374107567
hsa-miR-152-3p,0.4341389463412699,1.0,1.0,1,4,0.25,3500,26380,0.1326762699014405,1.8842857142857141
hsa-miR-152-5p,0.07340433115819647,0.9975964619932531,1.0,1,4,0.25,498,26380,0.018877937831690676,13.2429718875502
hsa-miR-153-3p,1.0,1.0,1.0,0,4,0.0,866,26380,0.032827899924184986,0.0
hsa-miR-153-5p,0.029539831795774355,0.6987306367077396,1.0,1,4,0.25,197,26380,0.007467778620166793,33.47715736040609
hsa-miR-1537-3p,1.0,1.0,1.0,0,4,0.0,10,26380,0.0003790750568612585,0.0
hsa-miR-1537-5p,1.0,1.0,1.0,0,4,0.0,10,26380,0.0003790750568612585,0.0
hsa-miR-154-3p,1.0,1.0,1.0,0,4,0.0,385,26380,0.014594389689158454,0.0
hsa-miR-154-5p,1.0,1.0,1.0,0,4,0.0,345,26380,0.013078089461713419,0.0
hsa-miR-155-3p,1.0,1.0,1.0,0,4,0.0,109,26380,0.004131918119787718,0.0
hsa-miR-155-5p,0.016010497407072923,0.6575515618249944,1.0,3,4,0.75,4379,26380,0.16599696739954511,4.518154829869833
hsa-miR-15a-3p,1.0,1.0,1.0,0,4,0.0,1522,26380,0.05769522365428355,0.0
hsa-miR-15a-5p,0.2147571146213471,1.0,1.0,3,4,0.75,11329,26380,0.42945413191811976,1.7464030364551153
hsa-miR-15b-3p,0.19325384631347023,1.0,1.0,2,4,0.5,5488,26380,0.2080363912054587,2.4034256559766765
hsa-miR-15b-5p,0.14509374548119577,1.0,1.0,3,4,0.75,9728,26380,0.36876421531463227,2.03381990131579
hsa-miR-16-1-3p,0.23503598612865365,1.0,1.0,1,4,0.25,1709,26380,0.06478392721758908,3.8589818607372735
hsa-miR-16-2-3p,1.0,1.0,1.0,0,4,0.0,873,26380,0.03309325246398787,0.0
hsa-miR-16-5p,0.4757699690496262,1.0,1.0,2,4,0.5,9811,26380,0.3719105382865807,1.3444093364590766
hsa-miR-17-3p,0.374111808056976,1.0,1.0,1,4,0.25,2916,26380,0.11053828658074298,2.2616598079561046
hsa-miR-17-5p,0.1578790925647226,1.0,1.0,3,4,0.75,10048,26380,0.3808946171341926,1.9690485668789808
hsa-miR-181a-2-3p,1.0,1.0,1.0,0,4,0.0,1696,26380,0.06429112964366945,0.0
hsa-miR-181a-3p,1.0,1.0,1.0,0,4,0.0,929,26380,0.035216072782410915,0.0
hsa-miR-181a-5p,0.28793190429412835,1.0,1.0,2,4,0.5,7001,26380,0.2653904473085671,1.8840165690615627
hsa-miR-181b-2-3p,1.0,1.0,1.0,0,4,0.0,91,26380,0.0034495830174374525,0.0
hsa-miR-181b-3p,0.12375732590393364,1.0,1.0,1,4,0.25,857,26380,0.032486732373009856,7.695449241540256
hsa-miR-181b-5p,0.3053487940992419,1.0,1.0,2,4,0.5,7267,26380,0.2754738438210766,1.8150543553048024
hsa-miR-181c-3p,1.0,1.0,1.0,0,4,0.0,529,26380,0.020053070507960576,0.0
hsa-miR-181c-5p,0.33826072323203243,1.0,1.0,1,4,0.25,2587,26380,0.09806671721000758,2.5492848859683033
hsa-miR-181d-5p,0.18440903248565224,1.0,1.0,2,4,0.5,5338,26380,0.2023502653525398,2.470962907455976
hsa-miR-182-3p,0.2752723163524263,1.0,1.0,1,4,0.25,2040,26380,0.07733131159969674,3.232843137254902
hsa-miR-182-5p,0.3532484355904945,1.0,1.0,2,4,0.5,7988,26380,0.3028051554207733,1.6512268402603907
hsa-miR-1827,1.0,1.0,1.0,0,4,0.0,119,26380,0.004510993176648976,0.0
hsa-miR-183-3p,1.0,1.0,1.0,0,4,0.0,2010,26380,0.07619408642911296,0.0
hsa-miR-183-5p,0.060060258683141084,0.9234264772532941,1.0,3,4,0.75,7009,26380,0.2656937073540561,2.8227992580967327
hsa-miR-184,1.0,1.0,1.0,0,4,0.0,379,26380,0.014366944655041698,0.0
hsa-miR-1843,0.2445419799350261,1.0,1.0,1,4,0.25,1786,26380,0.06770280515542078,3.692609182530795
hsa-miR-185-3p,1.0,1.0,1.0,0,4,0.0,894,26380,0.03388931008339651,0.0
hsa-miR-185-5p,0.12449389234738019,1.0,1.0,2,4,0.5,4254,26380,0.16125852918877936,3.1006111894687356
hsa-miR-186-3p,1.0,1.0,1.0,0,4,0.0,203,26380,0.0076952236542835485,0.0
hsa-miR-186-5p,0.07286356971983439,0.9975964619932531,1.0,2,4,0.5,3158,26380,0.11971190295678544,4.176694110196327
hsa-miR-187-3p,1.0,1.0,1.0,0,4,0.0,561,26380,0.021266110689916604,0.0
hsa-miR-187-5p,1.0,1.0,1.0,0,4,0.0,92,26380,0.0034874905231235785,0.0
hsa-miR-188-3p,1.0,1.0,1.0,0,4,0.0,6,26380,0.0002274450341167551,0.0
hsa-miR-188-5p,1.0,1.0,1.0,0,4,0.0,730,26380,0.027672479150871874,0.0
hsa-miR-18a-3p,1.0,1.0,1.0,0,4,0.0,970,26380,0.03677028051554208,0.0
hsa-miR-18a-5p,0.13846177912979726,1.0,1.0,3,4,0.75,9556,26380,0.3622441243366187,2.070426956885726
hsa-miR-18b-3p,1.0,1.0,1.0,0,4,0.0,28,26380,0.0010614101592115238,0.0
hsa-miR-18b-5p,0.07461697114095878,0.9975964619932531,1.0,3,4,0.75,7587,26380,0.28760424564063686,2.607750098853302
hsa-miR-1908-5p,1.0,1.0,1.0,0,4,0.0,34,26380,0.001288855193328279,0.0
hsa-miR-1909-3p,1.0,1.0,1.0,0,4,0.0,1,26380,3.7907505686125855e-05,0.0
hsa-miR-1909-5p,1.0,1.0,1.0,0,4,0.0,1,26380,3.7907505686125855e-05,0.0
hsa-miR-190a-3p,1.0,1.0,1.0,0,4,0.0,14,26380,0.0005307050796057619,0.0
hsa-miR-190a-5p,1.0,1.0,1.0,0,4,0.0,455,26380,0.017247915087187263,0.0
hsa-miR-190b-3p,1.0,1.0,1.0,0,4,0.0,3,26380,0.00011372251705837755,0.0
hsa-miR-190b-5p,1.0,1.0,1.0,0,4,0.0,277,26380,0.01050037907505686,0.0
hsa-miR-191-3p,1.0,1.0,1.0,0,4,0.0,372,26380,0.014101592115238818,0.0
hsa-miR-191-5p,0.07225377874059134,0.9975964619932531,1.0,3,4,0.75,7498,26380,0.28423047763457165,2.6387036543078155
hsa-miR-1910-3p,1.0,1.0,1.0,0,4,0.0,2,26380,7.581501137225171e-05,0.0
hsa-miR-1910-5p,1.0,1.0,1.0,0,4,0.0,1293,26380,0.04901440485216073,0.0
hsa-miR-1911-5p,1.0,1.0,1.0,0,4,0.0,334,26380,0.012661106899166035,0.0
hsa-miR-1912-3p,1.0,1.0,1.0,0,4,0.0,385,26380,0.014594389689158454,0.0
hsa-miR-1912-5p,1.0,1.0,1.0,0,4,0.0,185,26380,0.007012888551933283,0.0
hsa-miR-1914-3p,1.0,1.0,1.0,0,4,0.0,63,26380,0.0023881728582259287,0.0
hsa-miR-1914-5p,1.0,1.0,1.0,0,4,0.0,28,26380,0.0010614101592115238,0.0
hsa-miR-1915-5p,1.0,1.0,1.0,0,4,0.0,1,26380,3.7907505686125855e-05,0.0
hsa-miR-192-3p,1.0,1.0,1.0,0,4,0.0,440,26380,0.016679302501895376,0.0
hsa-miR-192-5p,0.28049887507885585,1.0,1.0,1,4,0.25,2084,26380,0.07899924184988628,3.1645873320537423
hsa-miR-193a-3p,1.0,1.0,1.0,0,4,0.0,3554,26380,0.13472327520849128,0.0
hsa-miR-193a-5p,0.11299606262151975,1.0,1.0,1,4,0.25,779,26380,0.02952994692949204,8.465982028241335
hsa-miR-193b-3p,0.13084470724742325,1.0,1.0,2,4,0.5,4376,26380,0.16588324488248674,3.014168190127971
hsa-miR-193b-5p,0.012451853437526719,0.656347246303,1.0,2,4,0.5,1241,26380,0.04704321455648219,10.628525382755841
hsa-miR-194-3p,1.0,1.0,1.0,0,4,0.0,315,26380,0.011940864291129644,0.0
hsa-miR-194-5p,0.1803808915251605,1.0,1.0,2,4,0.5,5269,26380,0.19973464746019712,2.50332131334219
hsa-miR-195-3p,1.0,1.0,1.0,0,4,0.0,787,26380,0.029833206974981045,0.0
hsa-miR-195-5p,1.0,1.0,1.0,0,4,0.0,6522,26380,0.2472327520849128,0.0
hsa-miR-196a-1-3p,1.0,1.0,1.0,0,4,0.0,1,26380,3.7907505686125855e-05,0.0
hsa-miR-196a-3p,0.030132762097124448,0.6991681343815512,1.0,1,4,0.25,201,26380,0.0076194086429112965,32.81094527363184
hsa-miR-196a-5p,0.46253158990185067,1.0,1.0,2,4,0.5,9613,26380,0.3644048521607278,1.3721002808696556
hsa-miR-196b-3p,1.0,1.0,1.0,0,4,0.0,16,26380,0.0006065200909780137,0.0
hsa-miR-196b-5p,0.15779071393291713,1.0,1.0,2,4,0.5,4873,26380,0.18472327520849127,2.706751487789863
hsa-miR-197-3p,1.0,1.0,1.0,0,4,0.0,2077,26380,0.07873388931008339,0.0
hsa-miR-197-5p,0.009371983455202982,0.656347246303,1.0,2,4,0.5,1072,26380,0.04063684609552692,12.30410447761194
hsa-miR-1972,1.0,1.0,1.0,0,4,0.0,29,26380,0.0010993176648976498,0.0
hsa-miR-1973,1.0,1.0,1.0,0,4,0.0,74,26380,0.002805155420773313,0.0
hsa-miR-199a-3p,1.0,1.0,1.0,0,4,0.0,1824,26380,0.06914329037149355,0.0
hsa-miR-199a-5p,0.11507319217881438,1.0,1.0,1,4,0.25,794,26380,0.030098559514783928,8.306045340050378
hsa-miR-199b-3p,1.0,1.0,1.0,0,4,0.0,1160,26380,0.04397270659590599,0.0
hsa-miR-199b-5p,1.0,1.0,1.0,0,4,0.0,377,26380,0.014291129643669447,0.0
hsa-miR-19a-3p,0.4427362877883217,1.0,1.0,2,4,0.5,9318,26380,0.3532221379833207,1.4155398154110324
hsa-miR-19a-5p,1.0,1.0,1.0,0,4,0.0,532,26380,0.020166793025018954,0.0
hsa-miR-19b-1-5p,1.0,1.0,1.0,0,4,0.0,1534,26380,0.058150113722517056,0.0
hsa-miR-19b-3p,0.4425346291064951,1.0,1.0,2,4,0.5,9315,26380,0.3531084154662623,1.4159957058507784
hsa-miR-200a-3p,0.2420814571167188,1.0,1.0,1,4,0.25,1766,26380,0.06694465504169826,3.734428086070215
hsa-miR-200a-5p,0.2988018985579992,1.0,1.0,1,4,0.25,2240,26380,0.08491281273692192,2.9441964285714284
hsa-miR-200b-3p,0.3742185056689677,1.0,1.0,1,4,0.25,2917,26380,0.11057619408642912,2.2608844703462463
hsa-miR-200b-5p,1.0,1.0,1.0,0,4,0.0,347,26380,0.01315390447308567,0.0
hsa-miR-200c-3p,0.37069027429730206,1.0,1.0,1,4,0.25,2884,26380,0.10932524639878696,2.286754507628294
hsa-miR-200c-5p,1.0,1.0,1.0,0,4,0.0,176,26380,0.00667172100075815,0.0
hsa-miR-202-3p,1.0,1.0,1.0,0,4,0.0,223,26380,0.008453373768006065,0.0
hsa-miR-202-5p,1.0,1.0,1.0,0,4,0.0,131,26380,0.004965883244882487,0.0
hsa-miR-203a-3p,0.4608589709098355,1.0,1.0,1,4,0.25,3775,26380,0.1431008339651251,1.7470198675496689
hsa-miR-203a-5p,1.0,1.0,1.0,0,4,0.0,15,26380,0.0005686125852918878,0.0
hsa-miR-203b-3p,1.0,1.0,1.0,0,4,0.0,97,26380,0.0036770280515542077,0.0
hsa-miR-203b-5p,0.2595427379939255,1.0,1.0,1,4,0.25,1909,26380,0.07236542835481426,3.4546883184913564
hsa-miR-204-3p,1.0,1.0,1.0,0,4,0.0,48,26380,0.0018195602729340408,0.0
hsa-miR-204-5p,1.0,1.0,1.0,0,4,0.0,1266,26380,0.04799090219863533,0.0
hsa-miR-205-5p,0.3860825807469048,1.0,1.0,1,4,0.25,3029,26380,0.11482183472327522,2.1772862330802245
hsa-miR-206,0.1682061072234824,1.0,1.0,1,4,0.25,1187,26380,0.04499620924943139,5.556023588879528
hsa-miR-208a-3p,1.0,1.0,1.0,0,4,0.0,50,26380,0.0018953752843062926,0.0
hsa-miR-208a-5p,1.0,1.0,1.0,0,4,0.0,10,26380,0.0003790750568612585,0.0
hsa-miR-208b-3p,1.0,1.0,1.0,0,4,0.0,24,26380,0.0009097801364670204,0.0
hsa-miR-20a-3p,0.17321362501208842,1.0,1.0,1,4,0.25,1225,26380,0.04643669446550417,5.383673469387755
hsa-miR-20a-5p,0.11297883496730773,1.0,1.0,3,4,0.75,8849,26380,0.33544351781652765,2.2358458582890726
hsa-miR-20b-3p,1.0,1.0,1.0,0,4,0.0,635,26380,0.024071266110689916,0.0
hsa-miR-20b-5p,0.17273714383797303,1.0,1.0,3,4,0.75,10403,26380,0.39435178165276724,1.901855234067096
hsa-miR-21-3p,0.2528629673405865,1.0,1.0,1,4,0.25,1854,26380,0.07028051554207733,3.557173678532902
hsa-miR-21-5p,0.08964877102556702,1.0,1.0,3,4,0.75,8118,26380,0.3077331311599697,2.4371766444937175
hsa-miR-210-3p,0.07803903974329723,0.9998751967109958,1.0,3,4,0.75,7713,26380,0.2923805913570887,2.5651497471800853
hsa-miR-210-5p,1.0,1.0,1.0,0,4,0.0,25,26380,0.0009476876421531463,0.0
hsa-miR-211-5p,1.0,1.0,1.0,0,4,0.0,92,26380,0.0034874905231235785,0.0
hsa-miR-2110,0.2920382130063695,1.0,1.0,1,4,0.25,2182,26380,0.08271417740712661,3.0224564619615033
hsa-miR-2113,1.0,1.0,1.0,0,4,0.0,54,26380,0.002047005307050796,0.0
hsa-miR-2114-3p,1.0,1.0,1.0,0,4,0.0,8,26380,0.00030326004548900684,0.0
hsa-miR-2114-5p,1.0,1.0,1.0,0,4,0.0,72,26380,0.0027293404094010615,0.0
hsa-miR-2115-5p,0.13985069875905265,1.0,1.0,1,4,0.25,975,26380,0.036959818043972706,6.764102564102564
hsa-miR-2116-3p,1.0,1.0,1.0,0,4,0.0,92,26380,0.0034874905231235785,0.0
hsa-miR-212-3p,1.0,1.0,1.0,0,4,0.0,1526,26380,0.05784685367702805,0.0
hsa-miR-212-5p,1.0,1.0,1.0,0,4,0.0,274,26380,0.010386656557998484,0.0
hsa-miR-214-3p,1.0,1.0,1.0,0,4,0.0,2804,26380,0.1062926459438969,0.0
hsa-miR-214-5p,1.0,1.0,1.0,0,4,0.0,194,26380,0.007354056103108415,0.0
hsa-miR-215-5p,1.0,1.0,1.0,0,4,0.0,302,26380,0.011448066717210008,0.0
hsa-miR-216a-3p,1.0,1.0,1.0,0,4,0.0,104,26380,0.003942380591357089,0.0
hsa-miR-216a-5p,1.0,1.0,1.0,0,4,0.0,133,26380,0.005041698256254739,0.0
hsa-miR-216b-3p,1.0,1.0,1.0,0,4,0.0,34,26380,0.001288855193328279,0.0
hsa-miR-216b-5p,1.0,1.0,1.0,0,4,0.0,111,26380,0.00420773313115997,0.0
hsa-miR-217-3p,1.0,1.0,1.0,0,4,0.0,241,26380,0.00913570887035633,0.0
hsa-miR-217-5p,1.0,1.0,1.0,0,4,0.0,220,26380,0.008339651250947688,0.0
hsa-miR-218-1-3p,1.0,1.0,1.0,0,4,0.0,545,26380,0.020659590598938588,0.0
hsa-miR-218-2-3p,1.0,1.0,1.0,0,4,0.0,222,26380,0.00841546626231994,0.0
hsa-miR-218-5p,0.11059172313802915,1.0,1.0,2,4,0.5,3979,26380,0.15083396512509478,3.3149032420206077
hsa-miR-219a-1-3p,1.0,1.0,1.0,0,4,0.0,1278,26380,0.04844579226686884,0.0
hsa-miR-219a-2-3p,1.0,1.0,1.0,0,4,0.0,447,26380,0.016944655041698255,0.0
hsa-miR-219a-5p,1.0,1.0,1.0,0,4,0.0,487,26380,0.018460955269143292,0.0
hsa-miR-22-3p,0.11452519758017518,1.0,1.0,2,4,0.5,4058,26380,0.1538286580742987,3.2503696402168556
hsa-miR-22-5p,0.23105916961585454,1.0,1.0,1,4,0.25,1677,26380,0.06357088703563306,3.932617769827072
hsa-miR-221-3p,0.05478251135720211,0.9104137861200683,1.0,3,4,0.75,6779,26380,0.25697498104624716,2.918572060775926
hsa-miR-221-5p,0.3814419989817736,1.0,1.0,1,4,0.25,2985,26380,0.11315390447308567,2.2093802345058626
hsa-miR-222-3p,0.11183112840444652,1.0,1.0,2,4,0.5,4004,26380,0.15178165276724792,3.2942057942057943
hsa-miR-222-5p,1.0,1.0,1.0,0,4,0.0,859,26380,0.03256254738438211,0.0
hsa-miR-223-3p,1.0,1.0,1.0,0,4,0.0,1033,26380,0.039158453373768005,0.0
hsa-miR-223-5p,0.021806971526324756,0.6638832002286343,1.0,1,4,0.25,145,26380,0.005496588324488249,45.48275862068965
hsa-miR-224-3p,1.0,1.0,1.0,0,4,0.0,179,26380,0.006785443517816528,0.0
hsa-miR-224-5p,0.1437716779230423,1.0,1.0,1,4,0.25,1004,26380,0.03805913570887036,6.568725099601593
hsa-miR-2276-3p,1.0,1.0,1.0,0,4,0.0,110,26380,0.004169825625473844,0.0
hsa-miR-2276-5p,1.0,1.0,1.0,0,4,0.0,91,26380,0.0034495830174374525,0.0
hsa-miR-2277-3p,1.0,1.0,1.0,0,4,0.0,290,26380,0.010993176648976498,0.0
hsa-miR-2278,0.1437716779230423,1.0,1.0,1,4,0.25,1004,26380,0.03805913570887036,6.568725099601593
hsa-miR-2355-3p,1.0,1.0,1.0,0,4,0.0,349,26380,0.013229719484457923,0.0
hsa-miR-2355-5p,1.0,1.0,1.0,0,4,0.0,89,26380,0.003373768006065201,0.0
hsa-miR-2392,1.0,1.0,1.0,0,4,0.0,1,26380,3.7907505686125855e-05,0.0
hsa-miR-23a-3p,0.33102134236884306,1.0,1.0,2,4,0.5,7655,26380,0.2901819560272934,1.7230568256041803
hsa-miR-23a-5p,1.0,1.0,1.0,0,4,0.0,352,26380,0.0133434420015163,0.0
hsa-miR-23b-3p,0.24613865817336925,1.0,1.0,2,4,0.5,6350,26380,0.24071266110689918,2.0771653543307087
hsa-miR-23b-5p,1.0,1.0,1.0,0,4,0.0,592,26380,0.022441243366186504,0.0
hsa-miR-23c,1.0,1.0,1.0,0,4,0.0,944,26380,0.0357846853677028,0.0
hsa-miR-24-1-5p,1.0,1.0,1.0,0,4,0.0,369,26380,0.01398786959818044,0.0
hsa-miR-24-2-5p,1.0,1.0,1.0,0,4,0.0,659,26380,0.024981046247156937,0.0
hsa-miR-24-3p,0.22650375665162742,1.0,1.0,2,4,0.5,6036,26380,0.22880970432145564,2.185222001325381
hsa-miR-2467-5p,1.0,1.0,1.0,0,4,0.0,332,26380,0.012585291887793783,0.0
hsa-miR-25-3p,0.3249092084542919,1.0,1.0,2,4,0.5,7563,26380,0.2866944655041698,1.7440169245008594
hsa-miR-25-5p,1.0,1.0,1.0,0,4,0.0,1912,26380,0.07247915087187264,0.0
hsa-miR-2681-5p,1.0,1.0,1.0,0,4,0.0,328,26380,0.012433661865049279,0.0
hsa-miR-2682-3p,1.0,1.0,1.0,0,4,0.0,106,26380,0.004018195602729341,0.0
hsa-miR-2682-5p,1.0,1.0,1.0,0,4,0.0,1203,26380,0.045602729340409404,0.0
hsa-miR-26a-1-3p,1.0,1.0,1.0,0,4,0.0,74,26380,0.002805155420773313,0.0
hsa-miR-26a-2-3p,0.09484073170157464,1.0,1.0,1,4,0.25,649,26380,0.02460197119029568,10.161787365177195
hsa-miR-26a-5p,0.8328922862154877,1.0,1.0,1,4,0.25,9513,26380,0.36061410159211527,0.6932618522022495
hsa-miR-26b-3p,0.17872190839808308,1.0,1.0,1,4,0.25,1267,26380,0.048028809704321454,5.205209155485399
hsa-miR-26b-5p,0.44327401489822016,1.0,1.0,2,4,0.5,9326,26380,0.3535253980288097,1.4143255414968903
hsa-miR-27a-3p,0.45877973838644276,1.0,1.0,2,4,0.5,9557,26380,0.3622820318423048,1.3801402113633985
hsa-miR-27a-5p,0.06762464462976812,0.9944631258654123,1.0,2,4,0.5,3032,26380,0.11493555724033358,4.350263852242744
hsa-miR-27b-3p,0.2746968673453785,1.0,1.0,2,4,0.5,6797,26380,0.25765731614859744,1.9405620126526408
hsa-miR-27b-5p,0.17937581822931653,1.0,1.0,1,4,0.25,1272,26380,0.04821834723275208,5.1847484276729565
hsa-miR-28-3p,0.20648926681886257,1.0,1.0,1,4,0.25,1482,26380,0.056178923426838515,4.450067476383266
hsa-miR-28-5p,0.14262051790202043,1.0,1.0,2,4,0.5,4597,26380,0.17426080363912055,2.8692625625407873
hsa-miR-296-3p,0.1888785044854297,1.0,1.0,1,4,0.25,1345,26380,0.05098559514783927,4.903345724907063
hsa-miR-296-5p,1.0,1.0,1.0,0,4,0.0,82,26380,0.0031084154662623198,0.0
hsa-miR-297,1.0,1.0,1.0,0,4,0.0,401,26380,0.015200909780136468,0.0
hsa-miR-298,1.0,1.0,1.0,0,4,0.0,43,26380,0.0016300227445034117,0.0
hsa-miR-299-3p,1.0,1.0,1.0,0,4,0.0,315,26380,0.011940864291129644,0.0
hsa-miR-299-5p,1.0,1.0,1.0,0,4,0.0,346,26380,0.013115996967399545,0.0
hsa-miR-29a-3p,0.2739219703278137,1.0,1.0,2,4,0.5,6785,26380,0.2572024260803639,1.943994104642594
hsa-miR-29a-5p,1.0,1.0,1.0,0,4,0.0,1010,26380,0.03828658074298711,0.0
hsa-miR-29b-1-5p,1.0,1.0,1.0,0,4,0.0,597,26380,0.022630780894617133,0.0
hsa-miR-29b-2-5p,0.27860159042834204,1.0,1.0,1,4,0.25,2068,26380,0.07839272175890827,3.189071566731141
hsa-miR-29b-3p,0.31649598727082523,1.0,1.0,2,4,0.5,7436,26380,0.28188021228203186,1.773803119956966
hsa-miR-29c-3p,0.27961415403244316,1.0,1.0,2,4,0.5,6873,26380,0.26053828658074296,1.919103739269606
hsa-miR-29c-5p,1.0,1.0,1.0,0,4,0.0,527,26380,0.019977255496588325,0.0
hsa-miR-300,1.0,1.0,1.0,0,4,0.0,27,26380,0.001023502653525398,0.0
hsa-miR-301a-3p,0.021685501826348385,0.6638832002286343,1.0,3,4,0.75,4871,26380,0.18464746019711903,4.061794292753028
hsa-miR-301a-5p,1.0,1.0,1.0,0,4,0.0,302,26380,0.011448066717210008,0.0
hsa-miR-301b-3p,0.01597916324050065,0.6575515618249944,1.0,3,4,0.75,4376,26380,0.16588324488248674,4.521252285191956
hsa-miR-302a-3p,0.31161094057677297,1.0,1.0,1,4,0.25,2351,26380,0.08912054586808188,2.8051892811569545
hsa-miR-302a-5p,1.0,1.0,1.0,0,4,0.0,42,26380,0.001592115238817286,0.0
hsa-miR-302b-3p,0.03296890389766664,0.6991681343815512,1.0,2,4,0.5,2063,26380,0.07820318423047763,6.393601551139118
hsa-miR-302b-5p,1.0,1.0,1.0,0,4,0.0,22,26380,0.0008339651250947687,0.0
hsa-miR-302c-3p,0.03224702575217644,0.6991681343815512,1.0,2,4,0.5,2039,26380,0.07729340409401061,6.468857282981854
hsa-miR-302d-3p,1.0,1.0,1.0,0,4,0.0,1284,26380,0.04867323730098559,0.0
hsa-miR-302d-5p,1.0,1.0,1.0,0,4,0.0,24,26380,0.0009097801364670204,0.0
hsa-miR-302e,0.1877114233832201,1.0,1.0,1,4,0.25,1336,26380,0.05064442759666414,4.936377245508982
hsa-miR-302f,1.0,1.0,1.0,0,4,0.0,141,26380,0.005344958301743745,0.0
hsa-miR-3059-3p,1.0,1.0,1.0,0,4,0.0,23,26380,0.0008718726307808946,0.0
hsa-miR-3059-5p,1.0,1.0,1.0,0,4,0.0,189,26380,0.007164518574677786,0.0
hsa-miR-3064-3p,1.0,1.0,1.0,0,4,0.0,1,26380,3.7907505686125855e-05,0.0
hsa-miR-3064-5p,1.0,1.0,1.0,0,4,0.0,46,26380,0.0017437452615617893,0.0
hsa-miR-3065-3p,0.054646102752954645,0.9104137861200683,1.0,1,4,0.25,368,26380,0.013949962092494314,17.921195652173914
hsa-miR-3065-5p,0.18485325645205575,1.0,1.0,1,4,0.25,1314,26380,0.049810462471569374,5.019025875190258
hsa-miR-3074-3p,1.0,1.0,1.0,0,4,0.0,14,26380,0.0005307050796057619,0.0
hsa-miR-3074-5p,1.0,1.0,1.0,0,4,0.0,494,26380,0.01872630780894617,0.0
hsa-miR-3085-3p,1.0,1.0,1.0,0,4,0.0,61,26380,0.002312357846853677,0.0
hsa-miR-30a-3p,1.0,1.0,1.0,0,4,0.0,2966,26380,0.11243366186504929,0.0
hsa-miR-30a-5p,0.058376900953282435,0.9234264772532941,1.0,3,4,0.75,6937,26380,0.262964366944655,2.8520974484647543
hsa-miR-30b-3p,0.4788522995787583,1.0,1.0,1,4,0.25,3966,26380,0.15034116755117513,1.662884518406455
hsa-miR-30b-5p,0.05144255960150297,0.9104137861200683,1.0,2,4,0.5,2615,26380,0.09912812736921911,5.04397705544933
hsa-miR-30c-1-3p,0.1123780462200362,1.0,1.0,2,4,0.5,4015,26380,0.1521986353297953,3.2851805728518055
hsa-miR-30c-2-3p,1.0,1.0,1.0,0,4,0.0,3232,26380,0.12251705837755876,0.0
hsa-miR-30c-5p,0.05944226270651412,0.9234264772532941,1.0,2,4,0.5,2827,26380,0.10716451857467779,4.665723381676689
hsa-miR-30d-3p,0.3678999645055229,1.0,1.0,1,4,0.25,2858,26380,0.10833965125094769,2.3075577326801957
hsa-miR-30d-5p,0.21439164471426628,1.0,1.0,2,4,0.5,5839,26380,0.22134192570128886,2.258948450077068
hsa-miR-30e-3p,0.5218218051289609,1.0,1.0,1,4,0.25,4443,26380,0.16842304776345715,1.4843574161602522
hsa-miR-30e-5p,0.1193201916816848,1.0,1.0,2,4,0.5,4153,26380,0.15742987111448067,3.1760173368649167
hsa-miR-31-3p,0.08905743544344319,1.0,1.0,1,4,0.25,608,26380,0.023047763457164517,10.84703947368421
hsa-miR-31-5p,0.1700553580665675,1.0,1.0,2,4,0.5,5090,26380,0.1929492039423806,2.591355599214145
hsa-miR-3115,1.0,1.0,1.0,0,4,0.0,23,26380,0.0008718726307808946,0.0
hsa-miR-3117-3p,1.0,1.0,1.0,0,4,0.0,252,26380,0.009552691432903715,0.0
hsa-miR-3117-5p,1.0,1.0,1.0,0,4,0.0,200,26380,0.0075815011372251705,0.0
hsa-miR-3120-3p,1.0,1.0,1.0,0,4,0.0,69,26380,0.002615617892342684,0.0
hsa-miR-3124-3p,1.0,1.0,1.0,0,4,0.0,46,26380,0.0017437452615617893,0.0
hsa-miR-3124-5p,1.0,1.0,1.0,0,4,0.0,10,26380,0.0003790750568612585,0.0
hsa-miR-3127-3p,1.0,1.0,1.0,0,4,0.0,35,26380,0.001326762699014405,0.0
hsa-miR-3127-5p,1.0,1.0,1.0,0,4,0.0,212,26380,0.008036391205458682,0.0
hsa-miR-3140-3p,1.0,1.0,1.0,0,4,0.0,177,26380,0.006709628506444276,0.0
hsa-miR-3140-5p,1.0,1.0,1.0,0,4,0.0,2,26380,7.581501137225171e-05,0.0
hsa-miR-3142,1.0,1.0,1.0,0,4,0.0,1,26380,3.7907505686125855e-05,0.0
hsa-miR-3144-3p,1.0,1.0,1.0,0,4,0.0,208,26380,0.007884761182714178,0.0
hsa-miR-3145-3p,1.0,1.0,1.0,0,4,0.0,1,26380,3.7907505686125855e-05,0.0
hsa-miR-3149,1.0,1.0,1.0,0,4,0.0,1015,26380,0.03847611827141774,0.0
hsa-miR-3151-5p,1.0,1.0,1.0,0,4,0.0,1,26380,3.7907505686125855e-05,0.0
hsa-miR-3152-5p,1.0,1.0,1.0,0,4,0.0,21,26380,0.000796057619408643,0.0
hsa-miR-3157-3p,1.0,1.0,1.0,0,4,0.0,75,26380,0.002843062926459439,0.0
hsa-miR-3157-5p,1.0,1.0,1.0,0,4,0.0,239,26380,0.00905989385898408,0.0
hsa-miR-3158-3p,0.1726875853815997,1.0,1.0,1,4,0.25,1221,26380,0.04628506444275966,5.401310401310401
hsa-miR-3158-5p,1.0,1.0,1.0,0,4,0.0,7,26380,0.00026535253980288095,0.0
hsa-miR-3159,1.0,1.0,1.0,0,4,0.0,2,26380,7.581501137225171e-05,0.0
hsa-miR-3164,1.0,1.0,1.0,0,4,0.0,4,26380,0.00015163002274450342,0.0
hsa-miR-3168,1.0,1.0,1.0,0,4,0.0,171,26380,0.006482183472327521,0.0
hsa-miR-3173-5p,1.0,1.0,1.0,0,4,0.0,30,26380,0.0011372251705837756,0.0
hsa-miR-3174,1.0,1.0,1.0,0,4,0.0,401,26380,0.015200909780136468,0.0
hsa-miR-3176,1.0,1.0,1.0,0,4,0.0,84,26380,0.003184230477634572,0.0
hsa-miR-3177-3p,1.0,1.0,1.0,0,4,0.0,124,26380,0.0047005307050796055,0.0
hsa-miR-3177-5p,1.0,1.0,1.0,0,4,0.0,43,26380,0.0016300227445034117,0.0
hsa-miR-3180-3p,1.0,1.0,1.0,0,4,0.0,4,26380,0.00015163002274450342,0.0
hsa-miR-3180-5p,0.002575366037017959,0.5279500375886815,1.0,1,4,0.25,17,26380,0.0006444275966641395,387.94117647058823
hsa-miR-3181,1.0,1.0,1.0,0,4,0.0,3,26380,0.00011372251705837755,0.0
hsa-miR-3182,1.0,1.0,1.0,0,4,0.0,34,26380,0.001288855193328279,0.0
hsa-miR-3184-3p,0.013340391185020326,0.656347246303,1.0,2,4,0.5,1286,26380,0.04874905231235785,10.25660964230171
hsa-miR-3184-5p,1.0,1.0,1.0,0,4,0.0,2258,26380,0.08559514783927218,0.0
hsa-miR-3187-3p,1.0,1.0,1.0,0,4,0.0,359,26380,0.013608794541319181,0.0
hsa-miR-3188,1.0,1.0,1.0,0,4,0.0,177,26380,0.006709628506444276,0.0
hsa-miR-3194-3p,1.0,1.0,1.0,0,4,0.0,85,26380,0.0032221379833206974,0.0
hsa-miR-3194-5p,1.0,1.0,1.0,0,4,0.0,47,26380,0.001781652767247915,0.0
hsa-miR-3197,1.0,1.0,1.0,0,4,0.0,23,26380,0.0008718726307808946,0.0
hsa-miR-3198,1.0,1.0,1.0,0,4,0.0,6,26380,0.0002274450341167551,0.0
hsa-miR-32-3p,1.0,1.0,1.0,0,4,0.0,111,26380,0.00420773313115997,0.0
hsa-miR-32-5p,0.5402106943132832,1.0,1.0,1,4,0.25,4657,26380,0.1765352539802881,1.4161477345930855
hsa-miR-3200-3p,0.1995824018109999,1.0,1.0,1,4,0.25,1428,26380,0.054131918119787716,4.618347338935575
hsa-miR-3200-5p,1.0,1.0,1.0,0,4,0.0,358,26380,0.013570887035633056,0.0
hsa-miR-320a-3p,0.2513274355266066,1.0,1.0,2,4,0.5,6432,26380,0.2438210765731615,2.05068407960199
hsa-miR-320a-5p,1.0,1.0,1.0,0,4,0.0,5,26380,0.00018953752843062926,0.0
hsa-miR-320b,0.029335894942257905,0.6987306367077396,1.0,3,4,0.75,5420,26380,0.20545868081880211,3.650369003690037
hsa-miR-320c,0.011766928890601967,0.656347246303,1.0,3,4,0.75,3933,26380,0.149090219863533,5.030511060259344
hsa-miR-320d,0.20291353358651415,1.0,1.0,1,4,0.25,1454,26380,0.05511751326762699,4.5357634112792296
hsa-miR-320e,1.0,1.0,1.0,0,4,0.0,351,26380,0.013305534495830175,0.0
hsa-miR-323a-3p,1.0,1.0,1.0,0,4,0.0,226,26380,0.008567096285064442,0.0
hsa-miR-323a-5p,1.0,1.0,1.0,0,4,0.0,213,26380,0.008074298711144807,0.0
hsa-miR-323b-3p,1.0,1.0,1.0,0,4,0.0,107,26380,0.004056103108415466,0.0
hsa-miR-323b-5p,1.0,1.0,1.0,0,4,0.0,1,26380,3.7907505686125855e-05,0.0
hsa-miR-324-3p,1.0,1.0,1.0,0,4,0.0,2110,26380,0.07998483699772554,0.0
hsa-miR-324-5p,1.0,1.0,1.0,0,4,0.0,1704,26380,0.06459438968915845,0.0
hsa-miR-325,1.0,1.0,1.0,0,4,0.0,1,26380,3.7907505686125855e-05,0.0
hsa-miR-326,1.0,1.0,1.0,0,4,0.0,375,26380,0.014215314632297195,0.0
hsa-miR-328-3p,0.08650969233368087,1.0,1.0,1,4,0.25,590,26380,0.022365428354814254,11.177966101694915
hsa-miR-329-3p,1.0,1.0,1.0,0,4,0.0,319,26380,0.012092494313874148,0.0
hsa-miR-330-3p,1.0,1.0,1.0,0,4,0.0,1146,26380,0.043442001516300226,0.0
hsa-miR-330-5p,0.31057895915572503,1.0,1.0,1,4,0.25,2342,26380,0.08877937831690674,2.8159692570452606
hsa-miR-331-3p,0.0859428022140057,1.0,1.0,1,4,0.25,586,26380,0.02221379833206975,11.254266211604095
hsa-miR-331-5p,0.23726615528159684,1.0,1.0,1,4,0.25,1727,26380,0.06546626231993935,3.818760856977417
hsa-miR-335-3p,0.431562293848502,1.0,1.0,1,4,0.25,3474,26380,0.13169067475360122,1.8983880253310303
hsa-miR-335-5p,1.0,1.0,1.0,0,4,0.0,4997,26380,0.1894238059135709,0.0
hsa-miR-337-3p,1.0,1.0,1.0,0,4,0.0,132,26380,0.005003790750568613,0.0
hsa-miR-337-5p,1.0,1.0,1.0,0,4,0.0,877,26380,0.03324488248673237,0.0
hsa-miR-338-3p,1.0,1.0,1.0,0,4,0.0,1528,26380,0.057922668688400306,0.0
hsa-miR-338-5p,1.0,1.0,1.0,0,4,0.0,157,26380,0.005951478392721759,0.0
hsa-miR-339-3p,1.0,1.0,1.0,0,4,0.0,724,26380,0.027445034116755116,0.0
hsa-miR-339-5p,1.0,1.0,1.0,0,4,0.0,1098,26380,0.041622441243366184,0.0
hsa-miR-33a-3p,0.08962287608206644,1.0,1.0,1,4,0.25,612,26380,0.02319939347990902,10.776143790849673
hsa-miR-33a-5p,0.24361636872804687,1.0,1.0,2,4,0.5,6310,26380,0.23919636087945415,2.0903328050713155
hsa-miR-33b-3p,1.0,1.0,1.0,0,4,0.0,698,26380,0.026459438968915845,0.0
hsa-miR-33b-5p,0.1982577924753948,1.0,1.0,2,4,0.5,5572,26380,0.21122062168309325,2.3671931083991384
hsa-miR-340-3p,0.20814533296724053,1.0,1.0,1,4,0.25,1495,26380,0.05667172100075815,4.4113712374581935
hsa-miR-340-5p,0.47624312997698975,1.0,1.0,1,4,0.25,3938,26380,0.1492797573919636,1.6747079735906552
hsa-miR-342-3p,0.2048306044343955,1.0,1.0,1,4,0.25,1469,26380,0.05568612585291888,4.4894486044928525
hsa-miR-342-5p,1.0,1.0,1.0,0,4,0.0,1508,26380,0.05716451857467779,0.0
hsa-miR-345-5p,1.0,1.0,1.0,0,4,0.0,1365,26380,0.05174374526156179,0.0
hsa-miR-346,1.0,1.0,1.0,0,4,0.0,126,26380,0.0047763457164518575,0.0
hsa-miR-34a-3p,0.09638765156426556,1.0,1.0,1,4,0.25,660,26380,0.025018953752843062,9.992424242424242
hsa-miR-34a-5p,0.37504566207469464,1.0,1.0,3,4,0.75,14250,26380,0.5401819560272934,1.388421052631579
hsa-miR-34b-3p,1.0,1.0,1.0,0,4,0.0,23,26380,0.0008718726307808946,0.0
hsa-miR-34b-5p,1.0,1.0,1.0,0,4,0.0,920,26380,0.034874905231235785,0.0
hsa-miR-34c-5p,0.2249396446737035,1.0,1.0,1,4,0.25,1628,26380,0.06171341925701289,4.050982800982801
hsa-miR-3529-3p,1.0,1.0,1.0,0,4,0.0,245,26380,0.009287338893100834,0.0
hsa-miR-3529-5p,1.0,1.0,1.0,0,4,0.0,57,26380,0.0021607278241091736,0.0
hsa-miR-3605-3p,1.0,1.0,1.0,0,4,0.0,303,26380,0.011485974222896133,0.0
hsa-miR-3605-5p,1.0,1.0,1.0,0,4,0.0,286,26380,0.010841546626231994,0.0
hsa-miR-3609,1.0,1.0,1.0,0,4,0.0,101,26380,0.0038286580742987113,0.0
hsa-miR-361-3p,1.0,1.0,1.0,0,4,0.0,861,26380,0.03263836239575436,0.0
hsa-miR-361-5p,1.0,1.0,1.0,0,4,0.0,3182,26380,0.12062168309325247,0.0
hsa-miR-3611,1.0,1.0,1.0,0,4,0.0,66,26380,0.0025018953752843063,0.0
hsa-miR-3612,1.0,1.0,1.0,0,4,0.0,113,26380,0.004283548142532221,0.0
hsa-miR-3613-3p,0.008314077599587374,0.656347246303,1.0,1,4,0.25,55,26380,0.002084912812736922,119.9090909090909
hsa-miR-3613-5p,1.0,1.0,1.0,0,4,0.0,1475,26380,0.055913570887035635,0.0
hsa-miR-3614-5p,1.0,1.0,1.0,0,4,0.0,220,26380,0.008339651250947688,0.0
hsa-miR-3615,1.0,1.0,1.0,0,4,0.0,660,26380,0.025018953752843062,0.0
hsa-miR-3617-5p,1.0,1.0,1.0,0,4,0.0,10,26380,0.0003790750568612585,0.0
hsa-miR-3619-3p,0.006504535412960795,0.656347246303,1.0,1,4,0.25,43,26380,0.0016300227445034117,153.37209302325581
hsa-miR-3619-5p,1.0,1.0,1.0,0,4,0.0,66,26380,0.0025018953752843063,0.0
hsa-miR-362-3p,1.0,1.0,1.0,0,4,0.0,351,26380,0.013305534495830175,0.0
hsa-miR-362-5p,0.09835359001974933,1.0,1.0,1,4,0.25,674,26380,0.025549658832448825,9.784866468842731
hsa-miR-3620-3p,1.0,1.0,1.0,0,4,0.0,145,26380,0.005496588324488249,0.0
hsa-miR-3622a-5p,1.0,1.0,1.0,0,4,0.0,13,26380,0.0004927975739196361,0.0
hsa-miR-363-3p,1.0,1.0,1.0,0,4,0.0,2276,26380,0.08627748294162244,0.0
hsa-miR-363-5p,1.0,1.0,1.0,0,4,0.0,1,26380,3.7907505686125855e-05,0.0
hsa-miR-3651,1.0,1.0,1.0,0,4,0.0,33,26380,0.0012509476876421532,0.0
hsa-miR-3652,0.1834213477907396,1.0,1.0,1,4,0.25,1303,26380,0.04939347990902199,5.061396776669225
hsa-miR-3657,1.0,1.0,1.0,0,4,0.0,24,26380,0.0009097801364670204,0.0
hsa-miR-3659,1.0,1.0,1.0,0,4,0.0,120,26380,0.004548900682335102,0.0
hsa-miR-365a-3p,1.0,1.0,1.0,0,4,0.0,1987,26380,0.07532221379833207,0.0
hsa-miR-365a-5p,1.0,1.0,1.0,0,4,0.0,365,26380,0.013836239575435937,0.0
hsa-miR-365b-3p,1.0,1.0,1.0,0,4,0.0,1825,26380,0.06918119787717968,0.0
hsa-miR-365b-5p,0.011625150207766258,0.656347246303,1.0,1,4,0.25,77,26380,0.0029188779378316906,85.64935064935065
hsa-miR-3662,1.0,1.0,1.0,0,4,0.0,1698,26380,0.0643669446550417,0.0
hsa-miR-3664-3p,1.0,1.0,1.0,0,4,0.0,7,26380,0.00026535253980288095,0.0
hsa-miR-3667-3p,1.0,1.0,1.0,0,4,0.0,32,26380,0.0012130401819560274,0.0
hsa-miR-3667-5p,1.0,1.0,1.0,0,4,0.0,8,26380,0.00030326004548900684,0.0
hsa-miR-367-3p,0.062327742789645785,0.9464583164353618,1.0,1,4,0.25,421,26380,0.015959059893858984,15.665083135391924
hsa-miR-3677-3p,1.0,1.0,1.0,0,4,0.0,54,26380,0.002047005307050796,0.0
hsa-miR-3677-5p,1.0,1.0,1.0,0,4,0.0,1,26380,3.7907505686125855e-05,0.0
hsa-miR-3679-5p,0.16224677340983168,1.0,1.0,1,4,0.25,1142,26380,0.043290371493555725,5.774956217162872
hsa-miR-3681-5p,1.0,1.0,1.0,0,4,0.0,6,26380,0.0002274450341167551,0.0
hsa-miR-3688-3p,1.0,1.0,1.0,0,4,0.0,13,26380,0.0004927975739196361,0.0
hsa-miR-3689a-3p,1.0,1.0,1.0,0,4,0.0,114,26380,0.004321455648218347,0.0
hsa-miR-3689a-5p,1.0,1.0,1.0,0,4,0.0,102,26380,0.003866565579984837,0.0
hsa-miR-3689b-5p,1.0,1.0,1.0,0,4,0.0,104,26380,0.003942380591357089,0.0
hsa-miR-3689e,1.0,1.0,1.0,0,4,0.0,103,26380,0.003904473085670963,0.0
hsa-miR-3689f,1.0,1.0,1.0,0,4,0.0,163,26380,0.006178923426838514,0.0
hsa-miR-369-3p,1.0,1.0,1.0,0,4,0.0,102,26380,0.003866565579984837,0.0
hsa-miR-369-5p,1.0,1.0,1.0,0,4,0.0,92,26380,0.0034874905231235785,0.0
hsa-miR-3690,1.0,1.0,1.0,0,4,0.0,2,26380,7.581501137225171e-05,0.0
hsa-miR-3691-5p,1.0,1.0,1.0,0,4,0.0,691,26380,0.026194086429112966,0.0
hsa-miR-370-3p,1.0,1.0,1.0,0,4,0.0,355,26380,0.013457164518574679,0.0
hsa-miR-370-5p,0.2436814794687216,1.0,1.0,1,4,0.25,1779,26380,0.0674374526156179,3.707138842046093
hsa-miR-371a-3p,1.0,1.0,1.0,0,4,0.0,1,26380,3.7907505686125855e-05,0.0
hsa-miR-371b-5p,1.0,1.0,1.0,0,4,0.0,1,26380,3.7907505686125855e-05,0.0
hsa-miR-372-3p,1.0,1.0,1.0,0,4,0.0,513,26380,0.019446550416982563,0.0
hsa-miR-373-3p,1.0,1.0,1.0,0,4,0.0,326,26380,0.012357846853677029,0.0
hsa-miR-374a-3p,1.0,1.0,1.0,0,4,0.0,936,26380,0.0354814253222138,0.0
hsa-miR-374a-5p,0.1546172947814391,1.0,1.0,2,4,0.5,4816,26380,0.1825625473843821,2.7387873754152823
hsa-miR-374b-3p,0.10465095667453005,1.0,1.0,1,4,0.25,719,26380,0.027255496588324487,9.172461752433936
hsa-miR-374b-5p,0.44611260077761544,1.0,1.0,1,4,0.25,3622,26380,0.13730098559514783,1.8208172280508008
hsa-miR-374c-3p,1.0,1.0,1.0,0,4,0.0,186,26380,0.007050796057619409,0.0
hsa-miR-374c-5p,1.0,1.0,1.0,0,4,0.0,84,26380,0.003184230477634572,0.0
hsa-miR-375-3p,0.372616608380337,1.0,1.0,1,4,0.25,2902,26380,0.11000758150113722,2.2725706409372846
hsa-miR-376a-2-5p,1.0,1.0,1.0,0,4,0.0,76,26380,0.0028809704321455646,0.0
hsa-miR-376a-3p,1.0,1.0,1.0,0,4,0.0,613,26380,0.02323730098559515,0.0
hsa-miR-376a-5p,0.0739639854298251,0.9975964619932531,1.0,2,4,0.5,3184,26380,0.12069749810462471,4.142587939698492
hsa-miR-376b-3p,1.0,1.0,1.0,0,4,0.0,353,26380,0.013381349507202427,0.0
hsa-miR-376b-5p,1.0,1.0,1.0,0,4,0.0,187,26380,0.007088703563305534,0.0
hsa-miR-376c-3p,1.0,1.0,1.0,0,4,0.0,323,26380,0.01224412433661865,0.0
hsa-miR-376c-5p,1.0,1.0,1.0,0,4,0.0,368,26380,0.013949962092494314,0.0
hsa-miR-377-3p,1.0,1.0,1.0,0,4,0.0,477,26380,0.01808188021228203,0.0
hsa-miR-377-5p,1.0,1.0,1.0,0,4,0.0,1263,26380,0.047877179681576953,0.0
hsa-miR-378a-3p,0.10685483788468647,1.0,1.0,2,4,0.5,3903,26380,0.1479529946929492,3.379451703817576
hsa-miR-378a-5p,0.11396584426827167,1.0,1.0,1,4,0.25,786,26380,0.02979529946929492,8.39058524173028
hsa-miR-378b,1.0,1.0,1.0,0,4,0.0,153,26380,0.005799848369977255,0.0
hsa-miR-378c,0.0327576306699805,0.6991681343815512,1.0,2,4,0.5,2056,26380,0.07793783169067475,6.415369649805448
hsa-miR-378d,0.19894060446536488,1.0,1.0,1,4,0.25,1423,26380,0.053942380591357086,4.634574841883345
hsa-miR-378e,1.0,1.0,1.0,0,4,0.0,1,26380,3.7907505686125855e-05,0.0
hsa-miR-378f,1.0,1.0,1.0,0,4,0.0,264,26380,0.010007581501137225,0.0
hsa-miR-378g,1.0,1.0,1.0,0,4,0.0,180,26380,0.006823351023502654,0.0
hsa-miR-378h,1.0,1.0,1.0,0,4,0.0,4,26380,0.00015163002274450342,0.0
hsa-miR-378i,1.0,1.0,1.0,0,4,0.0,1387,26380,0.05257771038665656,0.0
hsa-miR-379-3p,1.0,1.0,1.0,0,4,0.0,333,26380,0.012623199393479908,0.0
hsa-miR-379-5p,0.001658265526668565,0.4623411138240995,1.0,2,4,0.5,444,26380,0.01683093252463988,29.707207207207205
hsa-miR-380-3p,1.0,1.0,1.0,0,4,0.0,73,26380,0.0027672479150871875,0.0
hsa-miR-380-5p,0.23068554975055242,1.0,1.0,1,4,0.25,1674,26380,0.06345716451857468,3.9396654719235364
hsa-miR-381-3p,1.0,1.0,1.0,0,4,0.0,451,26380,0.01709628506444276,0.0
hsa-miR-381-5p,1.0,1.0,1.0,0,4,0.0,186,26380,0.007050796057619409,0.0
hsa-miR-382-3p,1.0,1.0,1.0,0,4,0.0,174,26380,0.006595905989385899,0.0
hsa-miR-382-5p,1.0,1.0,1.0,0,4,0.0,831,26380,0.03150113722517058,0.0
hsa-miR-383-5p,1.0,1.0,1.0,0,4,0.0,486,26380,0.018423047763457163,0.0
hsa-miR-3909,1.0,1.0,1.0,0,4,0.0,342,26380,0.012964366944655041,0.0
hsa-miR-3912-3p,1.0,1.0,1.0,0,4,0.0,4,26380,0.00015163002274450342,0.0
hsa-miR-3913-3p,1.0,1.0,1.0,0,4,0.0,110,26380,0.004169825625473844,0.0
hsa-miR-3913-5p,1.0,1.0,1.0,0,4,0.0,811,26380,0.030742987111448065,0.0
hsa-miR-3917,1.0,1.0,1.0,0,4,0.0,1,26380,3.7907505686125855e-05,0.0
hsa-miR-3923,1.0,1.0,1.0,0,4,0.0,28,26380,0.0010614101592115238,0.0
hsa-miR-3924,1.0,1.0,1.0,0,4,0.0,87,26380,0.0032979529946929494,0.0
hsa-miR-3928-3p,1.0,1.0,1.0,0,4,0.0,658,26380,0.024943138741470812,0.0
hsa-miR-3929,1.0,1.0,1.0,0,4,0.0,5,26380,0.00018953752843062926,0.0
hsa-miR-3934-3p,1.0,1.0,1.0,0,4,0.0,9,26380,0.0003411675511751327,0.0
hsa-miR-3934-5p,1.0,1.0,1.0,0,4,0.0,1015,26380,0.03847611827141774,0.0
hsa-miR-3938,1.0,1.0,1.0,0,4,0.0,19,26380,0.0007202426080363912,0.0
hsa-miR-3940-3p,1.0,1.0,1.0,0,4,0.0,225,26380,0.008529188779378317,0.0
hsa-miR-3940-5p,1.0,1.0,1.0,0,4,0.0,215,26380,0.008150113722517059,0.0
hsa-miR-3943,1.0,1.0,1.0,0,4,0.0,24,26380,0.0009097801364670204,0.0
hsa-miR-3944-5p,1.0,1.0,1.0,0,4,0.0,2,26380,7.581501137225171e-05,0.0
hsa-miR-409-3p,1.0,1.0,1.0,0,4,0.0,510,26380,0.019332827899924184,0.0
hsa-miR-409-5p,1.0,1.0,1.0,0,4,0.0,227,26380,0.00860500379075057,0.0
hsa-miR-410-3p,1.0,1.0,1.0,0,4,0.0,113,26380,0.004283548142532221,0.0
hsa-miR-411-3p,1.0,1.0,1.0,0,4,0.0,169,26380,0.00640636846095527,0.0
hsa-miR-411-5p,1.0,1.0,1.0,0,4,0.0,390,26380,0.014783927217589083,0.0
hsa-miR-412-5p,1.0,1.0,1.0,0,4,0.0,35,26380,0.001326762699014405,0.0
hsa-miR-421,0.013060907380910246,0.656347246303,1.0,2,4,0.5,1272,26380,0.04821834723275208,10.369496855345913
hsa-miR-422a,1.0,1.0,1.0,0,4,0.0,125,26380,0.0047384382107657315,0.0
hsa-miR-423-3p,0.11693917445468376,1.0,1.0,2,4,0.5,4106,26380,0.15564821834723275,3.2123721383341453
hsa-miR-423-5p,0.02266918244683142,0.6638832002286343,1.0,4,4,1.0,10237,26380,0.38805913570887035,2.5769268340334084
hsa-miR-424-3p,1.0,1.0,1.0,0,4,0.0,251,26380,0.00951478392721759,0.0
hsa-miR-424-5p,0.44938746579545785,1.0,1.0,2,4,0.5,9417,26380,0.35697498104624714,1.4006583837740259
hsa-miR-425-3p,1.0,1.0,1.0,0,4,0.0,1020,26380,0.03866565579984837,0.0
hsa-miR-425-5p,1.0,1.0,1.0,0,4,0.0,1593,26380,0.060386656557998485,0.0
hsa-miR-4254,1.0,1.0,1.0,0,4,0.0,14,26380,0.0005307050796057619,0.0
hsa-miR-4284,1.0,1.0,1.0,0,4,0.0,50,26380,0.0018953752843062926,0.0
hsa-miR-4286,1.0,1.0,1.0,0,4,0.0,60,26380,0.002274450341167551,0.0
hsa-miR-4287,1.0,1.0,1.0,0,4,0.0,1,26380,3.7907505686125855e-05,0.0
hsa-miR-429,0.025232582638744474,0.6746973183838196,1.0,2,4,0.5,1792,26380,0.06793025018953752,7.360491071428572
hsa-miR-4291,1.0,1.0,1.0,0,4,0.0,56,26380,0.0021228203184230476,0.0
hsa-miR-4296,1.0,1.0,1.0,0,4,0.0,143,26380,0.005420773313115997,0.0
hsa-miR-4301,1.0,1.0,1.0,0,4,0.0,19,26380,0.0007202426080363912,0.0
hsa-miR-4306,1.0,1.0,1.0,0,4,0.0,340,26380,0.01288855193328279,0.0
hsa-miR-431-3p,1.0,1.0,1.0,0,4,0.0,611,26380,0.023161485974222896,0.0
hsa-miR-431-5p,1.0,1.0,1.0,0,4,0.0,116,26380,0.004397270659590599,0.0
hsa-miR-432-3p,1.0,1.0,1.0,0,4,0.0,44,26380,0.0016679302501895375,0.0
hsa-miR-432-5p,0.0016288205677427168,0.4623411138240995,1.0,2,4,0.5,440,26380,0.016679302501895376,29.977272727272727
hsa-miR-4324,1.0,1.0,1.0,0,4,0.0,123,26380,0.00466262319939348,0.0
hsa-miR-4326,1.0,1.0,1.0,0,4,0.0,664,26380,0.025170583775587566,0.0
hsa-miR-433-3p,0.11756092975335042,1.0,1.0,1,4,0.25,812,26380,0.030780894617134194,8.121921182266009
hsa-miR-433-5p,1.0,1.0,1.0,0,4,0.0,408,26380,0.015466262319939347,0.0
hsa-miR-4421,1.0,1.0,1.0,0,4,0.0,49,26380,0.0018574677786201668,0.0
hsa-miR-4422,1.0,1.0,1.0,0,4,0.0,111,26380,0.00420773313115997,0.0
hsa-miR-4423-5p,1.0,1.0,1.0,0,4,0.0,641,26380,0.02429871114480667,0.0
hsa-miR-4425,1.0,1.0,1.0,0,4,0.0,487,26380,0.018460955269143292,0.0
hsa-miR-4426,1.0,1.0,1.0,0,4,0.0,73,26380,0.0027672479150871875,0.0
hsa-miR-4429,1.0,1.0,1.0,0,4,0.0,522,26380,0.019787717968157696,0.0
hsa-miR-4435,1.0,1.0,1.0,0,4,0.0,135,26380,0.00511751326762699,0.0
hsa-miR-4437,1.0,1.0,1.0,0,4,0.0,194,26380,0.007354056103108415,0.0
hsa-miR-4440,1.0,1.0,1.0,0,4,0.0,85,26380,0.0032221379833206974,0.0
hsa-miR-4443,1.0,1.0,1.0,0,4,0.0,44,26380,0.0016679302501895375,0.0
hsa-miR-4446-3p,0.25917954620992156,1.0,1.0,1,4,0.25,1906,26380,0.07225170583775588,3.4601259181532003
hsa-miR-4448,1.0,1.0,1.0,0,4,0.0,232,26380,0.008794541319181198,0.0
hsa-miR-4449,1.0,1.0,1.0,0,4,0.0,25,26380,0.0009476876421531463,0.0
hsa-miR-4450,1.0,1.0,1.0,0,4,0.0,151,26380,0.005724033358605004,0.0
hsa-miR-4454,1.0,1.0,1.0,0,4,0.0,901,26380,0.03415466262319939,0.0
hsa-miR-4455,1.0,1.0,1.0,0,4,0.0,10,26380,0.0003790750568612585,0.0
hsa-miR-4466,1.0,1.0,1.0,0,4,0.0,1,26380,3.7907505686125855e-05,0.0
hsa-miR-4467,1.0,1.0,1.0,0,4,0.0,5,26380,0.00018953752843062926,0.0
hsa-miR-4473,1.0,1.0,1.0,0,4,0.0,62,26380,0.0023502653525398027,0.0
hsa-miR-4474-3p,1.0,1.0,1.0,0,4,0.0,1228,26380,0.04655041698256255,0.0
hsa-miR-4477b,1.0,1.0,1.0,0,4,0.0,6,26380,0.0002274450341167551,0.0
hsa-miR-448,1.0,1.0,1.0,0,4,0.0,96,26380,0.0036391205458680817,0.0
hsa-miR-4482-3p,1.0,1.0,1.0,0,4,0.0,78,26380,0.0029567854435178166,0.0
hsa-miR-4485-3p,1.0,1.0,1.0,0,4,0.0,29,26380,0.0010993176648976498,0.0
hsa-miR-4488,1.0,1.0,1.0,0,4,0.0,14,26380,0.0005307050796057619,0.0
hsa-miR-4491,1.0,1.0,1.0,0,4,0.0,126,26380,0.0047763457164518575,0.0
hsa-miR-4496,1.0,1.0,1.0,0,4,0.0,122,26380,0.004624715693707354,0.0
hsa-miR-4498,1.0,1.0,1.0,0,4,0.0,4,26380,0.00015163002274450342,0.0
hsa-miR-449a,0.0774771871843552,0.9998751967109958,1.0,2,4,0.5,3266,26380,0.12380591357088704,4.038579301898347
hsa-miR-449b-5p,0.3166395154118478,1.0,1.0,1,4,0.25,2395,26380,0.09078847611827141,2.7536534446764094
hsa-miR-449c-5p,1.0,1.0,1.0,0,4,0.0,1820,26380,0.06899166034874905,0.0
hsa-miR-4501,1.0,1.0,1.0,0,4,0.0,1,26380,3.7907505686125855e-05,0.0
hsa-miR-450a-1-3p,1.0,1.0,1.0,0,4,0.0,239,26380,0.00905989385898408,0.0
hsa-miR-450a-2-3p,1.0,1.0,1.0,0,4,0.0,525,26380,0.01990144048521607,0.0
hsa-miR-450a-5p,0.4317608096890219,1.0,1.0,1,4,0.25,3476,26380,0.13176648976497346,1.8972957422324512
hsa-miR-450b-3p,1.0,1.0,1.0,0,4,0.0,109,26380,0.004131918119787718,0.0
hsa-miR-450b-5p,1.0,1.0,1.0,0,4,0.0,1820,26380,0.06899166034874905,0.0
hsa-miR-4510,0.19211379819908422,1.0,1.0,1,4,0.25,1370,26380,0.051933282789992416,4.813868613138687
hsa-miR-4511,1.0,1.0,1.0,0,4,0.0,36,26380,0.0013646702047005307,0.0
hsa-miR-4517,1.0,1.0,1.0,0,4,0.0,455,26380,0.017247915087187263,0.0
hsa-miR-4518,1.0,1.0,1.0,0,4,0.0,63,26380,0.0023881728582259287,0.0
hsa-miR-451a,1.0,1.0,1.0,0,4,0.0,276,26380,0.010462471569370736,0.0
hsa-miR-452-5p,1.0,1.0,1.0,0,4,0.0,2068,26380,0.07839272175890827,0.0
hsa-miR-4521,0.2004802701091382,1.0,1.0,1,4,0.25,1435,26380,0.0543972706595906,4.59581881533101
hsa-miR-4523,1.0,1.0,1.0,0,4,0.0,3,26380,0.00011372251705837755,0.0
hsa-miR-4524a-3p,0.08424054868050054,1.0,1.0,1,4,0.25,574,26380,0.021758908263836238,11.489547038327528
hsa-miR-4525,1.0,1.0,1.0,0,4,0.0,1343,26380,0.05090978013646702,0.0
hsa-miR-4528,1.0,1.0,1.0,0,4,0.0,7,26380,0.00026535253980288095,0.0
hsa-miR-454-3p,0.2441203557266189,1.0,1.0,2,4,0.5,6318,26380,0.23949962092494315,2.0876859765748654
hsa-miR-454-5p,0.0695315681499394,0.9944631258654123,1.0,1,4,0.25,471,26380,0.017854435178165276,14.00212314225053
hsa-miR-455-3p,1.0,1.0,1.0,0,4,0.0,362,26380,0.013722517058377558,0.0
hsa-miR-455-5p,0.21663937448177942,1.0,1.0,1,4,0.25,1562,26380,0.05921152388172858,4.222151088348271
hsa-miR-4632-3p,1.0,1.0,1.0,0,4,0.0,4,26380,0.00015163002274450342,0.0
hsa-miR-4639-5p,1.0,1.0,1.0,0,4,0.0,251,26380,0.00951478392721759,0.0
hsa-miR-4640-3p,1.0,1.0,1.0,0,4,0.0,1,26380,3.7907505686125855e-05,0.0
hsa-miR-4640-5p,1.0,1.0,1.0,0,4,0.0,7,26380,0.00026535253980288095,0.0
hsa-miR-4661-5p,1.0,1.0,1.0,0,4,0.0,30,26380,0.0011372251705837756,0.0
hsa-miR-4662a-5p,0.029094955688942378,0.6987306367077396,1.0,1,4,0.25,194,26380,0.007354056103108415,33.99484536082474
hsa-miR-4664-3p,1.0,1.0,1.0,0,4,0.0,715,26380,0.027103866565579986,0.0
hsa-miR-4664-5p,1.0,1.0,1.0,0,4,0.0,514,26380,0.019484457922668688,0.0
hsa-miR-4676-5p,1.0,1.0,1.0,0,4,0.0,10,26380,0.0003790750568612585,0.0
hsa-miR-4677-3p,0.3801718325961987,1.0,1.0,1,4,0.25,2973,26380,0.11269901440485217,2.2182980154725866
hsa-miR-4684-3p,1.0,1.0,1.0,0,4,0.0,1,26380,3.7907505686125855e-05,0.0
hsa-miR-4685-3p,1.0,1.0,1.0,0,4,0.0,138,26380,0.005231235784685368,0.0
hsa-miR-4689,1.0,1.0,1.0,0,4,0.0,1,26380,3.7907505686125855e-05,0.0
hsa-miR-4690-3p,1.0,1.0,1.0,0,4,0.0,1,26380,3.7907505686125855e-05,0.0
hsa-miR-4690-5p,1.0,1.0,1.0,0,4,0.0,1,26380,3.7907505686125855e-05,0.0
hsa-miR-4701-3p,1.0,1.0,1.0,0,4,0.0,56,26380,0.0021228203184230476,0.0
hsa-miR-4705,1.0,1.0,1.0,0,4,0.0,230,26380,0.008718726307808946,0.0
hsa-miR-4707-3p,1.0,1.0,1.0,0,4,0.0,2,26380,7.581501137225171e-05,0.0
hsa-miR-4709-5p,1.0,1.0,1.0,0,4,0.0,162,26380,0.006141015921152388,0.0
hsa-miR-4713-5p,1.0,1.0,1.0,0,4,0.0,160,26380,0.006065200909780136,0.0
hsa-miR-4723-3p,1.0,1.0,1.0,0,4,0.0,1,26380,3.7907505686125855e-05,0.0
hsa-miR-4723-5p,1.0,1.0,1.0,0,4,0.0,1,26380,3.7907505686125855e-05,0.0
hsa-miR-4725-3p,0.15998715708420236,1.0,1.0,1,4,0.25,1125,26380,0.04264594389689159,5.862222222222222
hsa-miR-4726-3p,1.0,1.0,1.0,0,4,0.0,1,26380,3.7907505686125855e-05,0.0
hsa-miR-4726-5p,1.0,1.0,1.0,0,4,0.0,5,26380,0.00018953752843062926,0.0
hsa-miR-4728-3p,1.0,1.0,1.0,0,4,0.0,247,26380,0.009363153904473086,0.0
hsa-miR-4733-5p,1.0,1.0,1.0,0,4,0.0,53,26380,0.0020090978013646704,0.0
hsa-miR-4741,1.0,1.0,1.0,0,4,0.0,1,26380,3.7907505686125855e-05,0.0
hsa-miR-4745-5p,1.0,1.0,1.0,0,4,0.0,615,26380,0.0233131159969674,0.0
hsa-miR-4746-5p,1.0,1.0,1.0,0,4,0.0,108,26380,0.004094010614101592,0.0
hsa-miR-4749-3p,1.0,1.0,1.0,0,4,0.0,1,26380,3.7907505686125855e-05,0.0
hsa-miR-4750-5p,1.0,1.0,1.0,0,4,0.0,2,26380,7.581501137225171e-05,0.0
hsa-miR-4755-5p,1.0,1.0,1.0,0,4,0.0,114,26380,0.004321455648218347,0.0
hsa-miR-4758-3p,1.0,1.0,1.0,0,4,0.0,3,26380,0.00011372251705837755,0.0
hsa-miR-4761-5p,1.0,1.0,1.0,0,4,0.0,27,26380,0.001023502653525398,0.0
hsa-miR-4766-3p,1.0,1.0,1.0,0,4,0.0,16,26380,0.0006065200909780137,0.0
hsa-miR-4768-5p,1.0,1.0,1.0,0,4,0.0,77,26380,0.0029188779378316906,0.0
hsa-miR-4781-3p,1.0,1.0,1.0,0,4,0.0,144,26380,0.005458680818802123,0.0
hsa-miR-4782-3p,1.0,1.0,1.0,0,4,0.0,5,26380,0.00018953752843062926,0.0
hsa-miR-4783-3p,1.0,1.0,1.0,0,4,0.0,1,26380,3.7907505686125855e-05,0.0
hsa-miR-4786-5p,1.0,1.0,1.0,0,4,0.0,76,26380,0.0028809704321455646,0.0
hsa-miR-4787-3p,1.0,1.0,1.0,0,4,0.0,66,26380,0.0025018953752843063,0.0
hsa-miR-4789-3p,1.0,1.0,1.0,0,4,0.0,6,26380,0.0002274450341167551,0.0
hsa-miR-4796-3p,1.0,1.0,1.0,0,4,0.0,20,26380,0.000758150113722517,0.0
hsa-miR-4803,1.0,1.0,1.0,0,4,0.0,2,26380,7.581501137225171e-05,0.0
hsa-miR-4804-5p,1.0,1.0,1.0,0,4,0.0,27,26380,0.001023502653525398,0.0
hsa-miR-483-3p,0.04560024193023617,0.8752366158381094,1.0,1,4,0.25,306,26380,0.01159969673995451,21.552287581699346
hsa-miR-483-5p,0.037521489458125126,0.7691905338915651,1.0,1,4,0.25,251,26380,0.00951478392721759,26.274900398406373
hsa-miR-484,0.40797448854065194,1.0,1.0,1,4,0.25,3240,26380,0.12282031842304776,2.0354938271604937
hsa-miR-485-3p,1.0,1.0,1.0,0,4,0.0,354,26380,0.013419257012888552,0.0
hsa-miR-485-5p,0.16595855288028571,1.0,1.0,1,4,0.25,1170,26380,0.04435178165276725,5.636752136752136
hsa-miR-486-3p,0.36023299775183354,1.0,1.0,1,4,0.25,2787,26380,0.10564821834723276,2.366343738787226
hsa-miR-486-5p,1.0,1.0,1.0,0,4,0.0,1820,26380,0.06899166034874905,0.0
hsa-miR-487a-3p,1.0,1.0,1.0,0,4,0.0,322,26380,0.012206216830932525,0.0
hsa-miR-487a-5p,1.0,1.0,1.0,0,4,0.0,183,26380,0.006937073540561031,0.0
hsa-miR-487b-3p,1.0,1.0,1.0,0,4,0.0,179,26380,0.006785443517816528,0.0
hsa-miR-487b-5p,1.0,1.0,1.0,0,4,0.0,147,26380,0.0055724033358605,0.0
hsa-miR-488-3p,0.10562757416300536,1.0,1.0,1,4,0.25,726,26380,0.02752084912812737,9.084022038567493
hsa-miR-488-5p,1.0,1.0,1.0,0,4,0.0,109,26380,0.004131918119787718,0.0
hsa-miR-489-3p,1.0,1.0,1.0,0,4,0.0,440,26380,0.016679302501895376,0.0
hsa-miR-490-3p,1.0,1.0,1.0,0,4,0.0,331,26380,0.012547384382107658,0.0
hsa-miR-490-5p,0.1707127008419767,1.0,1.0,1,4,0.25,1206,26380,0.045716451857467776,5.46849087893864
hsa-miR-491-3p,1.0,1.0,1.0,0,4,0.0,208,26380,0.007884761182714178,0.0
hsa-miR-491-5p,0.024618615523563616,0.6729088243107388,1.0,2,4,0.5,1769,26380,0.06705837755875664,7.4561899378179755
hsa-miR-493-3p,1.0,1.0,1.0,0,4,0.0,248,26380,0.009401061410159211,0.0
hsa-miR-493-5p,0.07783591434692964,0.9998751967109958,1.0,1,4,0.25,529,26380,0.020053070507960576,12.466918714555765
hsa-miR-494-3p,0.19855534084498722,1.0,1.0,1,4,0.25,1420,26380,0.053828658074298714,4.644366197183098
hsa-miR-494-5p,1.0,1.0,1.0,0,4,0.0,67,26380,0.0025398028809704323,0.0
hsa-miR-495-3p,1.0,1.0,1.0,0,4,0.0,224,26380,0.00849128127369219,0.0
hsa-miR-495-5p,1.0,1.0,1.0,0,4,0.0,190,26380,0.007202426080363912,0.0
hsa-miR-496,1.0,1.0,1.0,0,4,0.0,155,26380,0.005875663381349507,0.0
hsa-miR-497-3p,1.0,1.0,1.0,0,4,0.0,231,26380,0.008756633813495071,0.0
hsa-miR-497-5p,0.2816827759803599,1.0,1.0,1,4,0.25,2094,26380,0.07937831690674754,3.1494746895893027
hsa-miR-498-5p,1.0,1.0,1.0,0,4,0.0,24,26380,0.0009097801364670204,0.0
hsa-miR-4999-5p,0.055663354464112746,0.9104137861200683,1.0,1,4,0.25,375,26380,0.014215314632297195,17.586666666666666
hsa-miR-499a-3p,1.0,1.0,1.0,0,4,0.0,373,26380,0.014139499620924943,0.0
hsa-miR-499a-5p,0.08168271178833576,1.0,1.0,1,4,0.25,556,26380,0.021076573161485975,11.861510791366905
hsa-miR-499b-5p,1.0,1.0,1.0,0,4,0.0,14,26380,0.0005307050796057619,0.0
hsa-miR-5000-3p,1.0,1.0,1.0,0,4,0.0,45,26380,0.0017058377558756635,0.0
hsa-miR-5001-3p,1.0,1.0,1.0,0,4,0.0,49,26380,0.0018574677786201668,0.0
hsa-miR-5001-5p,1.0,1.0,1.0,0,4,0.0,273,26380,0.010348749052312358,0.0
hsa-miR-5004-3p,1.0,1.0,1.0,0,4,0.0,98,26380,0.0037149355572403337,0.0
hsa-miR-5006-3p,1.0,1.0,1.0,0,4,0.0,69,26380,0.002615617892342684,0.0
hsa-miR-500a-3p,0.4066428861999822,1.0,1.0,1,4,0.25,3227,26380,0.12232752084912812,2.0436938332816856
hsa-miR-500a-5p,1.0,1.0,1.0,0,4,0.0,396,26380,0.015011372251705837,0.0
hsa-miR-500b-5p,0.05871018426075179,0.9234264772532941,1.0,1,4,0.25,396,26380,0.015011372251705837,16.654040404040405
hsa-miR-501-3p,0.0976518377770493,1.0,1.0,1,4,0.25,669,26380,0.025360121304018195,9.857997010463379
hsa-miR-501-5p,1.0,1.0,1.0,0,4,0.0,861,26380,0.03263836239575436,0.0
hsa-miR-5010-3p,0.023744503311902955,0.6729088243107388,1.0,1,4,0.25,158,26380,0.005989385898407884,41.74050632911393
hsa-miR-5010-5p,1.0,1.0,1.0,0,4,0.0,51,26380,0.0019332827899924184,0.0
hsa-miR-502-3p,1.0,1.0,1.0,0,4,0.0,568,26380,0.021531463229719484,0.0
hsa-miR-502-5p,1.0,1.0,1.0,0,4,0.0,188,26380,0.00712661106899166,0.0
hsa-miR-503-3p,1.0,1.0,1.0,0,4,0.0,183,26380,0.006937073540561031,0.0
hsa-miR-503-5p,0.4947577140769941,1.0,1.0,1,4,0.25,4139,26380,0.15689916603487492,1.5933800434887653
hsa-miR-504-3p,1.0,1.0,1.0,0,4,0.0,117,26380,0.004435178165276725,0.0
hsa-miR-504-5p,1.0,1.0,1.0,0,4,0.0,667,26380,0.025284306292645945,0.0
hsa-miR-505-3p,1.0,1.0,1.0,0,4,0.0,1034,26380,0.039196360879454134,0.0
hsa-miR-505-5p,1.0,1.0,1.0,0,4,0.0,692,26380,0.02623199393479909,0.0
hsa-miR-506-3p,1.0,1.0,1.0,0,4,0.0,72,26380,0.0027293404094010615,0.0
hsa-miR-507,1.0,1.0,1.0,0,4,0.0,229,26380,0.008680818802122821,0.0
hsa-miR-508-3p,1.0,1.0,1.0,0,4,0.0,10,26380,0.0003790750568612585,0.0
hsa-miR-509-3p,1.0,1.0,1.0,0,4,0.0,176,26380,0.00667172100075815,0.0
hsa-miR-5094,1.0,1.0,1.0,0,4,0.0,205,26380,0.0077710386656558,0.0
hsa-miR-510-5p,1.0,1.0,1.0,0,4,0.0,7,26380,0.00026535253980288095,0.0
hsa-miR-5100,1.0,1.0,1.0,0,4,0.0,436,26380,0.016527672479150872,0.0
hsa-miR-511-3p,1.0,1.0,1.0,0,4,0.0,15,26380,0.0005686125852918878,0.0
hsa-miR-511-5p,1.0,1.0,1.0,0,4,0.0,60,26380,0.002274450341167551,0.0
hsa-miR-512-3p,1.0,1.0,1.0,0,4,0.0,1312,26380,0.049734647460197116,0.0
hsa-miR-512-5p,1.0,1.0,1.0,0,4,0.0,58,26380,0.0021986353297952996,0.0
hsa-miR-513a-3p,1.0,1.0,1.0,0,4,0.0,27,26380,0.001023502653525398,0.0
hsa-miR-513a-5p,1.0,1.0,1.0,0,4,0.0,151,26380,0.005724033358605004,0.0
hsa-miR-513b-5p,1.0,1.0,1.0,0,4,0.0,48,26380,0.0018195602729340408,0.0
hsa-miR-513c-5p,1.0,1.0,1.0,0,4,0.0,48,26380,0.0018195602729340408,0.0
hsa-miR-514a-3p,1.0,1.0,1.0,0,4,0.0,90,26380,0.003411675511751327,0.0
hsa-miR-514b-5p,1.0,1.0,1.0,0,4,0.0,23,26380,0.0008718726307808946,0.0
hsa-miR-515-3p,1.0,1.0,1.0,0,4,0.0,73,26380,0.0027672479150871875,0.0
hsa-miR-515-5p,1.0,1.0,1.0,0,4,0.0,181,26380,0.006861258529188779,0.0
hsa-miR-516a-5p,0.10353384327328297,1.0,1.0,1,4,0.25,711,26380,0.026952236542835482,9.275668073136428
hsa-miR-516b-5p,1.0,1.0,1.0,0,4,0.0,1480,26380,0.056103108415466264,0.0
hsa-miR-517-5p,1.0,1.0,1.0,0,4,0.0,63,26380,0.0023881728582259287,0.0
hsa-miR-517a-3p,1.0,1.0,1.0,0,4,0.0,52,26380,0.0019711902956785444,0.0
hsa-miR-517b-3p,1.0,1.0,1.0,0,4,0.0,39,26380,0.0014783927217589083,0.0
hsa-miR-517c-3p,1.0,1.0,1.0,0,4,0.0,35,26380,0.001326762699014405,0.0
hsa-miR-518a-3p,1.0,1.0,1.0,0,4,0.0,68,26380,0.002577710386656558,0.0
hsa-miR-518a-5p,1.0,1.0,1.0,0,4,0.0,125,26380,0.0047384382107657315,0.0
hsa-miR-518b,1.0,1.0,1.0,0,4,0.0,52,26380,0.0019711902956785444,0.0
hsa-miR-518c-3p,1.0,1.0,1.0,0,4,0.0,78,26380,0.0029567854435178166,0.0
hsa-miR-518c-5p,1.0,1.0,1.0,0,4,0.0,68,26380,0.002577710386656558,0.0
hsa-miR-518d-5p,1.0,1.0,1.0,0,4,0.0,61,26380,0.002312357846853677,0.0
hsa-miR-518e-3p,1.0,1.0,1.0,0,4,0.0,30,26380,0.0011372251705837756,0.0
hsa-miR-518e-5p,1.0,1.0,1.0,0,4,0.0,3,26380,0.00011372251705837755,0.0
hsa-miR-518f-3p,1.0,1.0,1.0,0,4,0.0,88,26380,0.003335860500379075,0.0
hsa-miR-518f-5p,1.0,1.0,1.0,0,4,0.0,154,26380,0.005837755875663381,0.0
hsa-miR-5193,1.0,1.0,1.0,0,4,0.0,1,26380,3.7907505686125855e-05,0.0
hsa-miR-5196-3p,1.0,1.0,1.0,0,4,0.0,16,26380,0.0006065200909780137,0.0
hsa-miR-519a-2-5p,1.0,1.0,1.0,0,4,0.0,103,26380,0.003904473085670963,0.0
hsa-miR-519a-3p,1.0,1.0,1.0,0,4,0.0,103,26380,0.003904473085670963,0.0
hsa-miR-519a-5p,1.0,1.0,1.0,0,4,0.0,208,26380,0.007884761182714178,0.0
hsa-miR-519b-3p,0.018371967433141033,0.6575515618249944,1.0,1,4,0.25,122,26380,0.004624715693707354,54.057377049180324
hsa-miR-519b-5p,1.0,1.0,1.0,0,4,0.0,3,26380,0.00011372251705837755,0.0
hsa-miR-519c-3p,1.0,1.0,1.0,0,4,0.0,85,26380,0.0032221379833206974,0.0
hsa-miR-519c-5p,1.0,1.0,1.0,0,4,0.0,3,26380,0.00011372251705837755,0.0
hsa-miR-519d-3p,1.0,1.0,1.0,0,4,0.0,153,26380,0.005799848369977255,0.0
hsa-miR-519d-5p,1.0,1.0,1.0,0,4,0.0,11,26380,0.00041698256254738437,0.0
hsa-miR-519e-3p,1.0,1.0,1.0,0,4,0.0,100,26380,0.0037907505686125853,0.0
hsa-miR-519e-5p,1.0,1.0,1.0,0,4,0.0,42,26380,0.001592115238817286,0.0
hsa-miR-520a-3p,1.0,1.0,1.0,0,4,0.0,251,26380,0.00951478392721759,0.0
hsa-miR-520a-5p,1.0,1.0,1.0,0,4,0.0,190,26380,0.007202426080363912,0.0
hsa-miR-520b-3p,1.0,1.0,1.0,0,4,0.0,119,26380,0.004510993176648976,0.0
hsa-miR-520b-5p,1.0,1.0,1.0,0,4,0.0,103,26380,0.003904473085670963,0.0
hsa-miR-520c-3p,1.0,1.0,1.0,0,4,0.0,486,26380,0.018423047763457163,0.0
hsa-miR-520c-5p,1.0,1.0,1.0,0,4,0.0,75,26380,0.002843062926459439,0.0
hsa-miR-520d-3p,1.0,1.0,1.0,0,4,0.0,105,26380,0.003980288097043215,0.0
hsa-miR-520d-5p,1.0,1.0,1.0,0,4,0.0,47,26380,0.001781652767247915,0.0
hsa-miR-520e-3p,1.0,1.0,1.0,0,4,0.0,85,26380,0.0032221379833206974,0.0
hsa-miR-520f-3p,1.0,1.0,1.0,0,4,0.0,755,26380,0.02862016679302502,0.0
hsa-miR-520g-3p,1.0,1.0,1.0,0,4,0.0,104,26380,0.003942380591357089,0.0
hsa-miR-520h,0.024191216974052788,0.6729088243107388,1.0,1,4,0.25,161,26380,0.006103108415466262,40.962732919254655
hsa-miR-521,1.0,1.0,1.0,0,4,0.0,24,26380,0.0009097801364670204,0.0
hsa-miR-522-3p,1.0,1.0,1.0,0,4,0.0,112,26380,0.004245640636846095,0.0
hsa-miR-522-5p,1.0,1.0,1.0,0,4,0.0,583,26380,0.02210007581501137,0.0
hsa-miR-523-3p,1.0,1.0,1.0,0,4,0.0,13,26380,0.0004927975739196361,0.0
hsa-miR-523-5p,1.0,1.0,1.0,0,4,0.0,3,26380,0.00011372251705837755,0.0
hsa-miR-524-3p,1.0,1.0,1.0,0,4,0.0,33,26380,0.0012509476876421532,0.0
hsa-miR-524-5p,1.0,1.0,1.0,0,4,0.0,72,26380,0.0027293404094010615,0.0
hsa-miR-525-3p,1.0,1.0,1.0,0,4,0.0,49,26380,0.0018574677786201668,0.0
hsa-miR-525-5p,1.0,1.0,1.0,0,4,0.0,124,26380,0.0047005307050796055,0.0
hsa-miR-526a-3p,1.0,1.0,1.0,0,4,0.0,55,26380,0.002084912812736922,0.0
hsa-miR-526a-5p,1.0,1.0,1.0,0,4,0.0,62,26380,0.0023502653525398027,0.0
hsa-miR-526b-3p,0.0191194758019033,0.6575515618249944,1.0,1,4,0.25,127,26380,0.0048142532221379835,51.92913385826772
hsa-miR-526b-5p,0.051006350678543914,0.9104137861200683,1.0,1,4,0.25,343,26380,0.013002274450341168,19.22740524781341
hsa-miR-527,1.0,1.0,1.0,0,4,0.0,49,26380,0.0018574677786201668,0.0
hsa-miR-532-3p,1.0,1.0,1.0,0,4,0.0,303,26380,0.011485974222896133,0.0
hsa-miR-532-5p,1.0,1.0,1.0,0,4,0.0,2187,26380,0.08290371493555725,0.0
hsa-miR-539-3p,1.0,1.0,1.0,0,4,0.0,1067,26380,0.04044730856709629,0.0
hsa-miR-539-5p,1.0,1.0,1.0,0,4,0.0,353,26380,0.013381349507202427,0.0
hsa-miR-541-3p,1.0,1.0,1.0,0,4,0.0,69,26380,0.002615617892342684,0.0
hsa-miR-542-3p,0.20546885892500624,1.0,1.0,1,4,0.25,1474,26380,0.05587566338134951,4.474219810040705
hsa-miR-542-5p,0.13700297372062925,1.0,1.0,1,4,0.25,954,26380,0.03616376042456406,6.912997903563942
hsa-miR-543,1.0,1.0,1.0,0,4,0.0,323,26380,0.01224412433661865,0.0
hsa-miR-544a,0.08097125159318742,1.0,1.0,1,4,0.25,551,26380,0.020887035633055346,11.969147005444645
hsa-miR-545-3p,1.0,1.0,1.0,0,4,0.0,288,26380,0.010917361637604246,0.0
hsa-miR-545-5p,1.0,1.0,1.0,0,4,0.0,190,26380,0.007202426080363912,0.0
hsa-miR-548a-3p,1.0,1.0,1.0,0,4,0.0,78,26380,0.0029567854435178166,0.0
hsa-miR-548a-5p,0.013127439149000606,0.656347246303,1.0,1,4,0.25,87,26380,0.0032979529946929494,75.80459770114942
hsa-miR-548aa,1.0,1.0,1.0,0,4,0.0,5,26380,0.00018953752843062926,0.0
hsa-miR-548ab,1.0,1.0,1.0,0,4,0.0,4,26380,0.00015163002274450342,0.0
hsa-miR-548ad-5p,1.0,1.0,1.0,0,4,0.0,1,26380,3.7907505686125855e-05,0.0
hsa-miR-548ag,1.0,1.0,1.0,0,4,0.0,16,26380,0.0006065200909780137,0.0
hsa-miR-548ah-3p,1.0,1.0,1.0,0,4,0.0,1,26380,3.7907505686125855e-05,0.0
hsa-miR-548ah-5p,1.0,1.0,1.0,0,4,0.0,361,26380,0.013684609552691433,0.0
hsa-miR-548ak,0.01956777585216214,0.6575515618249944,1.0,1,4,0.25,130,26380,0.004927975739196361,50.73076923076923
hsa-miR-548am-5p,0.020015922217112136,0.6575515618249944,1.0,1,4,0.25,133,26380,0.005041698256254739,49.58646616541353
hsa-miR-548ao-5p,1.0,1.0,1.0,0,4,0.0,15,26380,0.0005686125852918878,0.0
hsa-miR-548ap-5p,1.0,1.0,1.0,0,4,0.0,3,26380,0.00011372251705837755,0.0
hsa-miR-548aq-3p,1.0,1.0,1.0,0,4,0.0,3,26380,0.00011372251705837755,0.0
hsa-miR-548at-5p,1.0,1.0,1.0,0,4,0.0,40,26380,0.001516300227445034,0.0
hsa-miR-548au-5p,1.0,1.0,1.0,0,4,0.0,4,26380,0.00015163002274450342,0.0
hsa-miR-548ay-5p,1.0,1.0,1.0,0,4,0.0,91,26380,0.0034495830174374525,0.0
hsa-miR-548az-3p,1.0,1.0,1.0,0,4,0.0,23,26380,0.0008718726307808946,0.0
hsa-miR-548az-5p,1.0,1.0,1.0,0,4,0.0,78,26380,0.0029567854435178166,0.0
hsa-miR-548b-3p,1.0,1.0,1.0,0,4,0.0,80,26380,0.003032600454890068,0.0
hsa-miR-548b-5p,1.0,1.0,1.0,0,4,0.0,52,26380,0.0019711902956785444,0.0
hsa-miR-548ba,1.0,1.0,1.0,0,4,0.0,1,26380,3.7907505686125855e-05,0.0
hsa-miR-548bc,1.0,1.0,1.0,0,4,0.0,2,26380,7.581501137225171e-05,0.0
hsa-miR-548c-5p,0.03131780755608182,0.6991681343815512,1.0,1,4,0.25,209,26380,0.007922668688400303,31.555023923444978
hsa-miR-548d-3p,1.0,1.0,1.0,0,4,0.0,42,26380,0.001592115238817286,0.0
hsa-miR-548d-5p,1.0,1.0,1.0,0,4,0.0,350,26380,0.013267626990144048,0.0
hsa-miR-548e-3p,0.0689567947007703,0.9944631258654123,1.0,1,4,0.25,467,26380,0.017702805155420772,14.122055674518203
hsa-miR-548e-5p,1.0,1.0,1.0,0,4,0.0,22,26380,0.0008339651250947687,0.0
hsa-miR-548f-3p,1.0,1.0,1.0,0,4,0.0,19,26380,0.0007202426080363912,0.0
hsa-miR-548h-3p,1.0,1.0,1.0,0,4,0.0,34,26380,0.001288855193328279,0.0
hsa-miR-548h-5p,1.0,1.0,1.0,0,4,0.0,2,26380,7.581501137225171e-05,0.0
hsa-miR-548i,0.017773653187932725,0.6575515618249944,1.0,1,4,0.25,118,26380,0.00447308567096285,55.88983050847458
hsa-miR-548j-5p,0.0007567704269909803,0.4623411138240995,0.9308276251989057,2,4,0.5,299,26380,0.01133434420015163,44.113712374581944
hsa-miR-548k,1.0,1.0,1.0,0,4,0.0,643,26380,0.024374526156178924,0.0
hsa-miR-548l,1.0,1.0,1.0,0,4,0.0,191,26380,0.007240333586050038,0.0
hsa-miR-548n,1.0,1.0,1.0,0,4,0.0,18,26380,0.0006823351023502654,0.0
hsa-miR-548o-3p,0.055082168353542973,0.9104137861200683,1.0,1,4,0.25,371,26380,0.014063684609552691,17.776280323450134
hsa-miR-548o-5p,0.02031460109703235,0.6575515618249944,1.0,1,4,0.25,135,26380,0.00511751326762699,48.851851851851855
hsa-miR-548q,1.0,1.0,1.0,0,4,0.0,65,26380,0.0024639878695981803,0.0
hsa-miR-548t-3p,1.0,1.0,1.0,0,4,0.0,2,26380,7.581501137225171e-05,0.0
hsa-miR-548v,1.0,1.0,1.0,0,4,0.0,54,26380,0.002047005307050796,0.0
hsa-miR-548w,0.042374868783554086,0.8406627194156697,1.0,1,4,0.25,284,26380,0.010765731614859742,23.221830985915492
hsa-miR-548y,1.0,1.0,1.0,0,4,0.0,196,26380,0.007429871114480667,0.0
hsa-miR-548z,1.0,1.0,1.0,0,4,0.0,34,26380,0.001288855193328279,0.0
hsa-miR-550a-3-5p,1.0,1.0,1.0,0,4,0.0,497,26380,0.01884003032600455,0.0
hsa-miR-550a-3p,1.0,1.0,1.0,0,4,0.0,517,26380,0.019598180439727067,0.0
hsa-miR-550a-5p,1.0,1.0,1.0,0,4,0.0,653,26380,0.024753601213040183,0.0
hsa-miR-550b-2-5p,1.0,1.0,1.0,0,4,0.0,48,26380,0.0018195602729340408,0.0
hsa-miR-551b-3p,1.0,1.0,1.0,0,4,0.0,96,26380,0.0036391205458680817,0.0
hsa-miR-551b-5p,1.0,1.0,1.0,0,4,0.0,65,26380,0.0024639878695981803,0.0
hsa-miR-552-3p,1.0,1.0,1.0,0,4,0.0,20,26380,0.000758150113722517,0.0
hsa-miR-552-5p,0.026719699331831707,0.6987306367077396,1.0,1,4,0.25,178,26380,0.006747536012130402,37.050561797752806
hsa-miR-556-3p,1.0,1.0,1.0,0,4,0.0,41,26380,0.0015542077331311599,0.0
hsa-miR-556-5p,1.0,1.0,1.0,0,4,0.0,52,26380,0.0019711902956785444,0.0
hsa-miR-557,1.0,1.0,1.0,0,4,0.0,121,26380,0.004586808188021228,0.0
hsa-miR-5579-3p,1.0,1.0,1.0,0,4,0.0,32,26380,0.0012130401819560274,0.0
hsa-miR-5579-5p,1.0,1.0,1.0,0,4,0.0,39,26380,0.0014783927217589083,0.0
hsa-miR-558,1.0,1.0,1.0,0,4,0.0,1,26380,3.7907505686125855e-05,0.0
hsa-miR-5581-3p,1.0,1.0,1.0,0,4,0.0,228,26380,0.008642911296436694,0.0
hsa-miR-5582-3p,1.0,1.0,1.0,0,4,0.0,1,26380,3.7907505686125855e-05,0.0
hsa-miR-5585-3p,1.0,1.0,1.0,0,4,0.0,38,26380,0.0014404852160727823,0.0
hsa-miR-5586-3p,1.0,1.0,1.0,0,4,0.0,33,26380,0.0012509476876421532,0.0
hsa-miR-5587-5p,1.0,1.0,1.0,0,4,0.0,6,26380,0.0002274450341167551,0.0
hsa-miR-559,1.0,1.0,1.0,0,4,0.0,1,26380,3.7907505686125855e-05,0.0
hsa-miR-561-3p,1.0,1.0,1.0,0,4,0.0,20,26380,0.000758150113722517,0.0
hsa-miR-561-5p,0.18146570585955982,1.0,1.0,1,4,0.25,1288,26380,0.0488248673237301,5.120341614906832
hsa-miR-562,1.0,1.0,1.0,0,4,0.0,1,26380,3.7907505686125855e-05,0.0
hsa-miR-567,1.0,1.0,1.0,0,4,0.0,51,26380,0.0019332827899924184,0.0
hsa-miR-5680,1.0,1.0,1.0,0,4,0.0,7,26380,0.00026535253980288095,0.0
hsa-miR-5682,0.03190992287975588,0.6991681343815512,1.0,1,4,0.25,213,26380,0.008074298711144807,30.96244131455399
hsa-miR-5683,1.0,1.0,1.0,0,4,0.0,62,26380,0.0023502653525398027,0.0
hsa-miR-5688,1.0,1.0,1.0,0,4,0.0,1,26380,3.7907505686125855e-05,0.0
hsa-miR-5690,1.0,1.0,1.0,0,4,0.0,40,26380,0.001516300227445034,0.0
hsa-miR-5699-3p,1.0,1.0,1.0,0,4,0.0,92,26380,0.0034874905231235785,0.0
hsa-miR-5699-5p,1.0,1.0,1.0,0,4,0.0,49,26380,0.0018574677786201668,0.0
hsa-miR-570-3p,1.0,1.0,1.0,0,4,0.0,157,26380,0.005951478392721759,0.0
hsa-miR-5701,1.0,1.0,1.0,0,4,0.0,63,26380,0.0023881728582259287,0.0
hsa-miR-571,1.0,1.0,1.0,0,4,0.0,227,26380,0.00860500379075057,0.0
hsa-miR-572,1.0,1.0,1.0,0,4,0.0,2,26380,7.581501137225171e-05,0.0
hsa-miR-573,1.0,1.0,1.0,0,4,0.0,183,26380,0.006937073540561031,0.0
hsa-miR-574-3p,1.0,1.0,1.0,0,4,0.0,740,26380,0.028051554207733132,0.0
hsa-miR-574-5p,0.4357202184904113,1.0,1.0,1,4,0.25,3516,26380,0.1332827899924185,1.8757110352673494
hsa-miR-576-3p,0.29472619167210556,1.0,1.0,1,4,0.25,2205,26380,0.0835860500379075,2.9909297052154193
hsa-miR-576-5p,1.0,1.0,1.0,0,4,0.0,1031,26380,0.039082638362395755,0.0
hsa-miR-577,1.0,1.0,1.0,0,4,0.0,330,26380,0.012509476876421531,0.0
hsa-miR-579-3p,1.0,1.0,1.0,0,4,0.0,388,26380,0.01470811220621683,0.0
hsa-miR-579-5p,1.0,1.0,1.0,0,4,0.0,56,26380,0.0021228203184230476,0.0
hsa-miR-580-3p,1.0,1.0,1.0,0,4,0.0,130,26380,0.004927975739196361,0.0
hsa-miR-582-3p,1.0,1.0,1.0,0,4,0.0,823,26380,0.031197877179681578,0.0
hsa-miR-582-5p,1.0,1.0,1.0,0,4,0.0,1816,26380,0.06884003032600455,0.0
hsa-miR-584-3p,1.0,1.0,1.0,0,4,0.0,2,26380,7.581501137225171e-05,0.0
hsa-miR-584-5p,1.0,1.0,1.0,0,4,0.0,1761,26380,0.06675511751326763,0.0
hsa-miR-585-3p,1.0,1.0,1.0,0,4,0.0,1,26380,3.7907505686125855e-05,0.0
hsa-miR-589-3p,1.0,1.0,1.0,0,4,0.0,703,26380,0.026648976497346474,0.0
hsa-miR-589-5p,1.0,1.0,1.0,0,4,0.0,1887,26380,0.07153146322971948,0.0
hsa-miR-590-3p,0.10924801723346754,1.0,1.0,1,4,0.25,752,26380,0.02850644427596664,8.769946808510639
hsa-miR-590-5p,1.0,1.0,1.0,0,4,0.0,861,26380,0.03263836239575436,0.0
hsa-miR-591,1.0,1.0,1.0,0,4,0.0,183,26380,0.006937073540561031,0.0
hsa-miR-592,1.0,1.0,1.0,0,4,0.0,1124,26380,0.04260803639120546,0.0
hsa-miR-593-3p,1.0,1.0,1.0,0,4,0.0,1,26380,3.7907505686125855e-05,0.0
hsa-miR-597-3p,1.0,1.0,1.0,0,4,0.0,106,26380,0.004018195602729341,0.0
hsa-miR-597-5p,1.0,1.0,1.0,0,4,0.0,952,26380,0.03608794541319181,0.0
hsa-miR-598-3p,0.09286905306023134,1.0,1.0,1,4,0.25,635,26380,0.024071266110689916,10.385826771653543
hsa-miR-598-5p,1.0,1.0,1.0,0,4,0.0,254,26380,0.009628506444275967,0.0
hsa-miR-601,1.0,1.0,1.0,0,4,0.0,1,26380,3.7907505686125855e-05,0.0
hsa-miR-603,1.0,1.0,1.0,0,4,0.0,202,26380,0.0076573161485974225,0.0
hsa-miR-605-3p,1.0,1.0,1.0,0,4,0.0,7,26380,0.00026535253980288095,0.0
hsa-miR-605-5p,1.0,1.0,1.0,0,4,0.0,44,26380,0.0016679302501895375,0.0
hsa-miR-608,1.0,1.0,1.0,0,4,0.0,2,26380,7.581501137225171e-05,0.0
hsa-miR-610,1.0,1.0,1.0,0,4,0.0,3,26380,0.00011372251705837755,0.0
hsa-miR-612,1.0,1.0,1.0,0,4,0.0,2,26380,7.581501137225171e-05,0.0
hsa-miR-615-3p,1.0,1.0,1.0,0,4,0.0,475,26380,0.01800606520090978,0.0
hsa-miR-615-5p,1.0,1.0,1.0,0,4,0.0,101,26380,0.0038286580742987113,0.0
hsa-miR-616-3p,1.0,1.0,1.0,0,4,0.0,80,26380,0.003032600454890068,0.0
hsa-miR-616-5p,1.0,1.0,1.0,0,4,0.0,166,26380,0.0062926459438968916,0.0
hsa-miR-618,1.0,1.0,1.0,0,4,0.0,320,26380,0.012130401819560273,0.0
hsa-miR-619-5p,1.0,1.0,1.0,0,4,0.0,760,26380,0.02880970432145565,0.0
hsa-miR-622,1.0,1.0,1.0,0,4,0.0,1,26380,3.7907505686125855e-05,0.0
hsa-miR-624-3p,1.0,1.0,1.0,0,4,0.0,3,26380,0.00011372251705837755,0.0
hsa-miR-624-5p,1.0,1.0,1.0,0,4,0.0,699,26380,0.02649734647460197,0.0
hsa-miR-625-3p,0.06924421470118688,0.9944631258654123,1.0,1,4,0.25,469,26380,0.017778620166793026,14.061833688699359
hsa-miR-625-5p,0.009348044317593597,0.656347246303,1.0,3,4,0.75,3631,26380,0.13764215314632297,5.448912145414487
hsa-miR-627-5p,1.0,1.0,1.0,0,4,0.0,503,26380,0.019067475360121305,0.0
hsa-miR-628-3p,1.0,1.0,1.0,0,4,0.0,328,26380,0.012433661865049279,0.0
hsa-miR-628-5p,0.0055671313865678865,0.656347246303,1.0,2,4,0.5,821,26380,0.031122062168309324,16.065773447015836
hsa-miR-629-3p,1.0,1.0,1.0,0,4,0.0,165,26380,0.0062547384382107656,0.0
hsa-miR-629-5p,1.0,1.0,1.0,0,4,0.0,1600,26380,0.060652009097801364,0.0
hsa-miR-630,1.0,1.0,1.0,0,4,0.0,94,26380,0.00356330553449583,0.0
hsa-miR-636,0.04706362413917493,0.8770948135028055,1.0,1,4,0.25,316,26380,0.011978771796815769,20.870253164556964
hsa-miR-638,1.0,1.0,1.0,0,4,0.0,3,26380,0.00011372251705837755,0.0
hsa-miR-639,1.0,1.0,1.0,0,4,0.0,19,26380,0.0007202426080363912,0.0
hsa-miR-641,1.0,1.0,1.0,0,4,0.0,1134,26380,0.04298711144806672,0.0
hsa-miR-642a-3p,1.0,1.0,1.0,0,4,0.0,122,26380,0.004624715693707354,0.0
hsa-miR-642a-5p,1.0,1.0,1.0,0,4,0.0,486,26380,0.018423047763457163,0.0
hsa-miR-642b-3p,1.0,1.0,1.0,0,4,0.0,28,26380,0.0010614101592115238,0.0
hsa-miR-642b-5p,1.0,1.0,1.0,0,4,0.0,109,26380,0.004131918119787718,0.0
hsa-miR-643,1.0,1.0,1.0,0,4,0.0,106,26380,0.004018195602729341,0.0
hsa-miR-648,1.0,1.0,1.0,0,4,0.0,1,26380,3.7907505686125855e-05,0.0
hsa-miR-6500-3p,1.0,1.0,1.0,0,4,0.0,113,26380,0.004283548142532221,0.0
hsa-miR-6503-3p,1.0,1.0,1.0,0,4,0.0,2,26380,7.581501137225171e-05,0.0
hsa-miR-6505-5p,1.0,1.0,1.0,0,4,0.0,56,26380,0.0021228203184230476,0.0
hsa-miR-6507-5p,1.0,1.0,1.0,0,4,0.0,131,26380,0.004965883244882487,0.0
hsa-miR-651-5p,1.0,1.0,1.0,0,4,0.0,623,26380,0.023616376042456408,0.0
hsa-miR-6511a-3p,1.0,1.0,1.0,0,4,0.0,146,26380,0.005534495830174375,0.0
hsa-miR-6511b-3p,1.0,1.0,1.0,0,4,0.0,60,26380,0.002274450341167551,0.0
hsa-miR-6511b-5p,1.0,1.0,1.0,0,4,0.0,3,26380,0.00011372251705837755,0.0
hsa-miR-6514-5p,1.0,1.0,1.0,0,4,0.0,138,26380,0.005231235784685368,0.0
hsa-miR-6515-5p,1.0,1.0,1.0,0,4,0.0,27,26380,0.001023502653525398,0.0
hsa-miR-6516-3p,1.0,1.0,1.0,0,4,0.0,260,26380,0.009855951478392721,0.0
hsa-miR-6516-5p,1.0,1.0,1.0,0,4,0.0,212,26380,0.008036391205458682,0.0
hsa-miR-652-3p,0.39121971746932327,1.0,1.0,1,4,0.25,3078,26380,0.11667930250189537,2.1426250812215724
hsa-miR-652-5p,1.0,1.0,1.0,0,4,0.0,63,26380,0.0023881728582259287,0.0
hsa-miR-653-3p,1.0,1.0,1.0,0,4,0.0,437,26380,0.016565579984836997,0.0
hsa-miR-653-5p,1.0,1.0,1.0,0,4,0.0,250,26380,0.009476876421531463,0.0
hsa-miR-654-3p,1.0,1.0,1.0,0,4,0.0,895,26380,0.03392721758908264,0.0
hsa-miR-654-5p,1.0,1.0,1.0,0,4,0.0,149,26380,0.005648218347232752,0.0
hsa-miR-655-3p,1.0,1.0,1.0,0,4,0.0,59,26380,0.002236542835481425,0.0
hsa-miR-655-5p,1.0,1.0,1.0,0,4,0.0,50,26380,0.0018953752843062926,0.0
hsa-miR-656-3p,1.0,1.0,1.0,0,4,0.0,25,26380,0.0009476876421531463,0.0
hsa-miR-656-5p,1.0,1.0,1.0,0,4,0.0,742,26380,0.028127369219105382,0.0
hsa-miR-657,1.0,1.0,1.0,0,4,0.0,35,26380,0.001326762699014405,0.0
hsa-miR-659-5p,1.0,1.0,1.0,0,4,0.0,39,26380,0.0014783927217589083,0.0
hsa-miR-660-3p,0.007258812011390263,0.656347246303,1.0,1,4,0.25,48,26380,0.0018195602729340408,137.39583333333334
hsa-miR-660-5p,0.2003520494804972,1.0,1.0,1,4,0.25,1434,26380,0.05435936315390447,4.5990237099023705
hsa-miR-661,1.0,1.0,1.0,0,4,0.0,2,26380,7.581501137225171e-05,0.0
hsa-miR-663a,1.0,1.0,1.0,0,4,0.0,12,26380,0.0004548900682335102,0.0
hsa-miR-664a-3p,1.0,1.0,1.0,0,4,0.0,454,26380,0.01721000758150114,0.0
hsa-miR-664a-5p,1.0,1.0,1.0,0,4,0.0,224,26380,0.00849128127369219,0.0
hsa-miR-664b-3p,0.12978441487092626,1.0,1.0,1,4,0.25,901,26380,0.03415466262319939,7.319644839067704
hsa-miR-664b-5p,1.0,1.0,1.0,0,4,0.0,95,26380,0.003601213040181956,0.0
hsa-miR-665,1.0,1.0,1.0,0,4,0.0,124,26380,0.0047005307050796055,0.0
hsa-miR-668-3p,1.0,1.0,1.0,0,4,0.0,72,26380,0.0027293404094010615,0.0
hsa-miR-670-3p,1.0,1.0,1.0,0,4,0.0,236,26380,0.0089461713419257,0.0
hsa-miR-670-5p,1.0,1.0,1.0,0,4,0.0,96,26380,0.0036391205458680817,0.0
hsa-miR-671-3p,0.13428428625715907,1.0,1.0,1,4,0.25,934,26380,0.035405610310841544,7.061027837259101
hsa-miR-671-5p,1.0,1.0,1.0,0,4,0.0,3267,26380,0.12384382107657316,0.0
hsa-miR-6720-5p,1.0,1.0,1.0,0,4,0.0,2,26380,7.581501137225171e-05,0.0
hsa-miR-6721-5p,1.0,1.0,1.0,0,4,0.0,228,26380,0.008642911296436694,0.0
hsa-miR-6724-5p,1.0,1.0,1.0,0,4,0.0,3,26380,0.00011372251705837755,0.0
hsa-miR-6726-3p,1.0,1.0,1.0,0,4,0.0,2,26380,7.581501137225171e-05,0.0
hsa-miR-6727-3p,1.0,1.0,1.0,0,4,0.0,1,26380,3.7907505686125855e-05,0.0
hsa-miR-6727-5p,1.0,1.0,1.0,0,4,0.0,1,26380,3.7907505686125855e-05,0.0
hsa-miR-6728-3p,1.0,1.0,1.0,0,4,0.0,1,26380,3.7907505686125855e-05,0.0
hsa-miR-6729-3p,1.0,1.0,1.0,0,4,0.0,1,26380,3.7907505686125855e-05,0.0
hsa-miR-6734-5p,1.0,1.0,1.0,0,4,0.0,1,26380,3.7907505686125855e-05,0.0
hsa-miR-6735-5p,1.0,1.0,1.0,0,4,0.0,63,26380,0.0023881728582259287,0.0
hsa-miR-6741-3p,1.0,1.0,1.0,0,4,0.0,84,26380,0.003184230477634572,0.0
hsa-miR-6744-5p,1.0,1.0,1.0,0,4,0.0,8,26380,0.00030326004548900684,0.0
hsa-miR-6747-3p,1.0,1.0,1.0,0,4,0.0,65,26380,0.0024639878695981803,0.0
hsa-miR-6748-3p,1.0,1.0,1.0,0,4,0.0,1,26380,3.7907505686125855e-05,0.0
hsa-miR-675-3p,1.0,1.0,1.0,0,4,0.0,75,26380,0.002843062926459439,0.0
hsa-miR-675-5p,1.0,1.0,1.0,0,4,0.0,152,26380,0.005761940864291129,0.0
hsa-miR-6750-5p,1.0,1.0,1.0,0,4,0.0,1,26380,3.7907505686125855e-05,0.0
hsa-miR-6751-5p,1.0,1.0,1.0,0,4,0.0,33,26380,0.0012509476876421532,0.0
hsa-miR-6757-3p,1.0,1.0,1.0,0,4,0.0,97,26380,0.0036770280515542077,0.0
hsa-miR-676-3p,1.0,1.0,1.0,0,4,0.0,20,26380,0.000758150113722517,0.0
hsa-miR-6761-5p,1.0,1.0,1.0,0,4,0.0,198,26380,0.0075056861258529185,0.0
hsa-miR-6763-5p,1.0,1.0,1.0,0,4,0.0,1,26380,3.7907505686125855e-05,0.0
hsa-miR-6764-5p,1.0,1.0,1.0,0,4,0.0,362,26380,0.013722517058377558,0.0
hsa-miR-6765-3p,1.0,1.0,1.0,0,4,0.0,3,26380,0.00011372251705837755,0.0
hsa-miR-6765-5p,1.0,1.0,1.0,0,4,0.0,1,26380,3.7907505686125855e-05,0.0
hsa-miR-6766-3p,1.0,1.0,1.0,0,4,0.0,135,26380,0.00511751326762699,0.0
hsa-miR-6769b-3p,1.0,1.0,1.0,0,4,0.0,1,26380,3.7907505686125855e-05,0.0
hsa-miR-6770-5p,1.0,1.0,1.0,0,4,0.0,722,26380,0.027369219105382866,0.0
hsa-miR-6772-3p,1.0,1.0,1.0,0,4,0.0,1,26380,3.7907505686125855e-05,0.0
hsa-miR-6778-3p,1.0,1.0,1.0,0,4,0.0,33,26380,0.0012509476876421532,0.0
hsa-miR-6781-3p,1.0,1.0,1.0,0,4,0.0,3,26380,0.00011372251705837755,0.0
hsa-miR-6783-3p,1.0,1.0,1.0,0,4,0.0,1,26380,3.7907505686125855e-05,0.0
hsa-miR-6787-3p,1.0,1.0,1.0,0,4,0.0,1,26380,3.7907505686125855e-05,0.0
hsa-miR-6789-5p,1.0,1.0,1.0,0,4,0.0,1,26380,3.7907505686125855e-05,0.0
hsa-miR-6793-5p,1.0,1.0,1.0,0,4,0.0,4,26380,0.00015163002274450342,0.0
hsa-miR-6795-5p,1.0,1.0,1.0,0,4,0.0,18,26380,0.0006823351023502654,0.0
hsa-miR-6796-5p,1.0,1.0,1.0,0,4,0.0,315,26380,0.011940864291129644,0.0
hsa-miR-6797-3p,1.0,1.0,1.0,0,4,0.0,54,26380,0.002047005307050796,0.0
hsa-miR-6800-5p,1.0,1.0,1.0,0,4,0.0,1,26380,3.7907505686125855e-05,0.0
hsa-miR-6803-3p,1.0,1.0,1.0,0,4,0.0,3,26380,0.00011372251705837755,0.0
hsa-miR-6804-5p,0.008464761120559898,0.656347246303,1.0,1,4,0.25,56,26380,0.0021228203184230476,117.76785714285715
hsa-miR-6809-3p,1.0,1.0,1.0,0,4,0.0,39,26380,0.0014783927217589083,0.0
hsa-miR-6810-5p,1.0,1.0,1.0,0,4,0.0,730,26380,0.027672479150871874,0.0
hsa-miR-6812-5p,1.0,1.0,1.0,0,4,0.0,18,26380,0.0006823351023502654,0.0
hsa-miR-6816-3p,1.0,1.0,1.0,0,4,0.0,6,26380,0.0002274450341167551,0.0
hsa-miR-6816-5p,1.0,1.0,1.0,0,4,0.0,1,26380,3.7907505686125855e-05,0.0
hsa-miR-6818-5p,1.0,1.0,1.0,0,4,0.0,43,26380,0.0016300227445034117,0.0
hsa-miR-6820-3p,1.0,1.0,1.0,0,4,0.0,40,26380,0.001516300227445034,0.0
hsa-miR-6821-3p,1.0,1.0,1.0,0,4,0.0,1,26380,3.7907505686125855e-05,0.0
hsa-miR-6821-5p,1.0,1.0,1.0,0,4,0.0,1,26380,3.7907505686125855e-05,0.0
hsa-miR-6825-3p,1.0,1.0,1.0,0,4,0.0,55,26380,0.002084912812736922,0.0
hsa-miR-6825-5p,1.0,1.0,1.0,0,4,0.0,112,26380,0.004245640636846095,0.0
hsa-miR-6830-3p,1.0,1.0,1.0,0,4,0.0,127,26380,0.0048142532221379835,0.0
hsa-miR-6832-5p,1.0,1.0,1.0,0,4,0.0,130,26380,0.004927975739196361,0.0
hsa-miR-6833-3p,1.0,1.0,1.0,0,4,0.0,52,26380,0.0019711902956785444,0.0
hsa-miR-6842-3p,1.0,1.0,1.0,0,4,0.0,139,26380,0.005269143290371494,0.0
hsa-miR-6847-5p,1.0,1.0,1.0,0,4,0.0,9,26380,0.0003411675511751327,0.0
hsa-miR-6851-5p,1.0,1.0,1.0,0,4,0.0,1,26380,3.7907505686125855e-05,0.0
hsa-miR-6854-5p,1.0,1.0,1.0,0,4,0.0,9,26380,0.0003411675511751327,0.0
hsa-miR-6855-5p,1.0,1.0,1.0,0,4,0.0,48,26380,0.0018195602729340408,0.0
hsa-miR-6857-3p,1.0,1.0,1.0,0,4,0.0,1,26380,3.7907505686125855e-05,0.0
hsa-miR-6858-5p,1.0,1.0,1.0,0,4,0.0,1,26380,3.7907505686125855e-05,0.0
hsa-miR-6859-5p,1.0,1.0,1.0,0,4,0.0,146,26380,0.005534495830174375,0.0
hsa-miR-6865-5p,1.0,1.0,1.0,0,4,0.0,3,26380,0.00011372251705837755,0.0
hsa-miR-6866-5p,1.0,1.0,1.0,0,4,0.0,79,26380,0.002994692949203942,0.0
hsa-miR-6871-5p,1.0,1.0,1.0,0,4,0.0,69,26380,0.002615617892342684,0.0
hsa-miR-6877-5p,1.0,1.0,1.0,0,4,0.0,20,26380,0.000758150113722517,0.0
hsa-miR-6879-3p,1.0,1.0,1.0,0,4,0.0,1,26380,3.7907505686125855e-05,0.0
hsa-miR-6882-5p,1.0,1.0,1.0,0,4,0.0,53,26380,0.0020090978013646704,0.0
hsa-miR-6885-3p,1.0,1.0,1.0,0,4,0.0,103,26380,0.003904473085670963,0.0
hsa-miR-6886-5p,1.0,1.0,1.0,0,4,0.0,24,26380,0.0009097801364670204,0.0
hsa-miR-6892-3p,1.0,1.0,1.0,0,4,0.0,6,26380,0.0002274450341167551,0.0
hsa-miR-7-1-3p,0.05173514045493617,0.9104137861200683,1.0,1,4,0.25,348,26380,0.013191811978771797,18.951149425287355
hsa-miR-7-2-3p,1.0,1.0,1.0,0,4,0.0,36,26380,0.0013646702047005307,0.0
hsa-miR-7-5p,0.08183357585255635,1.0,1.0,3,4,0.75,7849,26380,0.2975360121304018,2.520703274302459
hsa-miR-708-3p,0.10157637983020794,1.0,1.0,1,4,0.25,697,26380,0.02642153146322972,9.461979913916785
hsa-miR-708-5p,0.27443820039196337,1.0,1.0,1,4,0.25,2033,26380,0.07706595905989386,3.2439744220363993
hsa-miR-7109-5p,1.0,1.0,1.0,0,4,0.0,28,26380,0.0010614101592115238,0.0
hsa-miR-7110-5p,1.0,1.0,1.0,0,4,0.0,27,26380,0.001023502653525398,0.0
hsa-miR-7111-5p,1.0,1.0,1.0,0,4,0.0,1,26380,3.7907505686125855e-05,0.0
hsa-miR-7151-3p,1.0,1.0,1.0,0,4,0.0,72,26380,0.0027293404094010615,0.0
hsa-miR-744-3p,1.0,1.0,1.0,0,4,0.0,555,26380,0.02103866565579985,0.0
hsa-miR-744-5p,0.05625320954888227,0.9104137861200683,1.0,2,4,0.5,2744,26380,0.10401819560272935,4.806851311953353
hsa-miR-758-3p,1.0,1.0,1.0,0,4,0.0,358,26380,0.013570887035633056,0.0
hsa-miR-758-5p,1.0,1.0,1.0,0,4,0.0,569,26380,0.02156937073540561,0.0
hsa-miR-760,1.0,1.0,1.0,0,4,0.0,660,26380,0.025018953752843062,0.0
hsa-miR-765,0.0018794354220491851,0.4623411138240995,1.0,2,4,0.5,473,26380,0.01793025018953753,27.88583509513742
hsa-miR-766-3p,1.0,1.0,1.0,0,4,0.0,470,26380,0.01781652767247915,0.0
hsa-miR-766-5p,0.07743395616484562,0.9998751967109958,1.0,2,4,0.5,3265,26380,0.12376800606520091,4.039816232771822
hsa-miR-767-3p,1.0,1.0,1.0,0,4,0.0,40,26380,0.001516300227445034,0.0
hsa-miR-767-5p,1.0,1.0,1.0,0,4,0.0,1058,26380,0.04010614101592115,0.0
hsa-miR-769-3p,1.0,1.0,1.0,0,4,0.0,354,26380,0.013419257012888552,0.0
hsa-miR-769-5p,0.02891480337496871,0.6987306367077396,1.0,2,4,0.5,1925,26380,0.07297194844579227,6.851948051948051
hsa-miR-770-5p,1.0,1.0,1.0,0,4,0.0,123,26380,0.00466262319939348,0.0
hsa-miR-7703,1.0,1.0,1.0,0,4,0.0,1,26380,3.7907505686125855e-05,0.0
hsa-miR-7704,1.0,1.0,1.0,0,4,0.0,9,26380,0.0003411675511751327,0.0
hsa-miR-7706,1.0,1.0,1.0,0,4,0.0,1034,26380,0.039196360879454134,0.0
hsa-miR-7843-5p,1.0,1.0,1.0,0,4,0.0,486,26380,0.018423047763457163,0.0
hsa-miR-7850-5p,1.0,1.0,1.0,0,4,0.0,136,26380,0.005155420773313116,0.0
hsa-miR-7851-3p,1.0,1.0,1.0,0,4,0.0,25,26380,0.0009476876421531463,0.0
hsa-miR-7854-3p,1.0,1.0,1.0,0,4,0.0,786,26380,0.02979529946929492,0.0
hsa-miR-7974,1.0,1.0,1.0,0,4,0.0,342,26380,0.012964366944655041,0.0
hsa-miR-7976,1.0,1.0,1.0,0,4,0.0,8,26380,0.00030326004548900684,0.0
hsa-miR-7977,1.0,1.0,1.0,0,4,0.0,221,26380,0.008377558756633813,0.0
hsa-miR-802,1.0,1.0,1.0,0,4,0.0,73,26380,0.0027672479150871875,0.0
hsa-miR-8485,1.0,1.0,1.0,0,4,0.0,26,26380,0.0009855951478392722,0.0
hsa-miR-873-3p,1.0,1.0,1.0,0,4,0.0,1160,26380,0.04397270659590599,0.0
hsa-miR-873-5p,1.0,1.0,1.0,0,4,0.0,967,26380,0.0366565579984837,0.0
hsa-miR-874-3p,1.0,1.0,1.0,0,4,0.0,368,26380,0.013949962092494314,0.0
hsa-miR-874-5p,1.0,1.0,1.0,0,4,0.0,33,26380,0.0012509476876421532,0.0
hsa-miR-876-3p,0.13799747060972486,1.0,1.0,2,4,0.5,4511,26380,0.17100075815011373,2.9239636444247394
hsa-miR-876-5p,1.0,1.0,1.0,0,4,0.0,1139,26380,0.043176648976497346,0.0
hsa-miR-877-3p,1.0,1.0,1.0,0,4,0.0,57,26380,0.0021607278241091736,0.0
hsa-miR-877-5p,0.1500334963659923,1.0,1.0,2,4,0.5,4733,26380,0.17941622441243366,2.786815972955842
hsa-miR-885-3p,1.0,1.0,1.0,0,4,0.0,1665,26380,0.06311599696739954,0.0
hsa-miR-885-5p,1.0,1.0,1.0,0,4,0.0,516,26380,0.01956027293404094,0.0
hsa-miR-887-3p,1.0,1.0,1.0,0,4,0.0,689,26380,0.026118271417740712,0.0
hsa-miR-887-5p,1.0,1.0,1.0,0,4,0.0,4,26380,0.00015163002274450342,0.0
hsa-miR-888-5p,1.0,1.0,1.0,0,4,0.0,22,26380,0.0008339651250947687,0.0
hsa-miR-889-3p,1.0,1.0,1.0,0,4,0.0,18,26380,0.0006823351023502654,0.0
hsa-miR-889-5p,1.0,1.0,1.0,0,4,0.0,335,26380,0.01269901440485216,0.0
hsa-miR-891a-5p,1.0,1.0,1.0,0,4,0.0,120,26380,0.004548900682335102,0.0
hsa-miR-891b,1.0,1.0,1.0,0,4,0.0,117,26380,0.004435178165276725,0.0
hsa-miR-892b,1.0,1.0,1.0,0,4,0.0,1,26380,3.7907505686125855e-05,0.0
hsa-miR-9-3p,1.0,1.0,1.0,0,4,0.0,1112,26380,0.04215314632297195,0.0
hsa-miR-9-5p,0.139121649304582,1.0,1.0,2,4,0.5,4532,26380,0.17179681576952235,2.9104148278905564
hsa-miR-920,1.0,1.0,1.0,0,4,0.0,180,26380,0.006823351023502654,0.0
hsa-miR-92a-1-5p,1.0,1.0,1.0,0,4,0.0,939,26380,0.03559514783927217,0.0
hsa-miR-92a-2-5p,1.0,1.0,1.0,0,4,0.0,83,26380,0.0031463229719484458,0.0
hsa-miR-92a-3p,0.39619838752785513,1.0,1.0,2,4,0.5,8627,26380,0.3270280515542077,1.5289208299524748
hsa-miR-92b-3p,0.3503033702155427,1.0,1.0,2,4,0.5,7944,26380,0.3011372251705838,1.6603726082578045
hsa-miR-92b-5p,1.0,1.0,1.0,0,4,0.0,404,26380,0.015314632297194845,0.0
hsa-miR-93-3p,0.33514003982005014,1.0,1.0,1,4,0.25,2559,26380,0.09700530705079606,2.577178585384916
hsa-miR-93-5p,0.10235628469921376,1.0,1.0,3,4,0.75,8528,26380,0.3232752084912813,2.32000469043152
hsa-miR-934,1.0,1.0,1.0,0,4,0.0,30,26380,0.0011372251705837756,0.0
hsa-miR-935,0.027907871617938902,0.6987306367077396,1.0,1,4,0.25,186,26380,0.007050796057619409,35.456989247311824
hsa-miR-936,1.0,1.0,1.0,0,4,0.0,1,26380,3.7907505686125855e-05,0.0
hsa-miR-937-3p,1.0,1.0,1.0,0,4,0.0,72,26380,0.0027293404094010615,0.0
hsa-miR-937-5p,1.0,1.0,1.0,0,4,0.0,1,26380,3.7907505686125855e-05,0.0
hsa-miR-939-5p,1.0,1.0,1.0,0,4,0.0,257,26380,0.009742228961334344,0.0
hsa-miR-940,0.14714105965543184,1.0,1.0,1,4,0.25,1029,26380,0.039006823351023505,6.40913508260447
hsa-miR-941,0.010979564689965604,0.656347246303,1.0,2,4,0.5,1163,26380,0.04408642911296437,11.341358555460017
hsa-miR-942-3p,1.0,1.0,1.0,0,4,0.0,82,26380,0.0031084154662623198,0.0
hsa-miR-942-5p,1.0,1.0,1.0,0,4,0.0,1788,26380,0.06777862016679302,0.0
hsa-miR-943,1.0,1.0,1.0,0,4,0.0,65,26380,0.0024639878695981803,0.0
hsa-miR-944,1.0,1.0,1.0,0,4,0.0,78,26380,0.0029567854435178166,0.0
hsa-miR-95-3p,0.13210471550189995,1.0,1.0,1,4,0.25,918,26380,0.034799090219863535,7.184095860566448
hsa-miR-95-5p,1.0,1.0,1.0,0,4,0.0,41,26380,0.0015542077331311599,0.0
hsa-miR-96-3p,1.0,1.0,1.0,0,4,0.0,36,26380,0.0013646702047005307,0.0
hsa-miR-96-5p,0.543840703225342,1.0,1.0,1,4,0.25,4700,26380,0.17816527672479152,1.4031914893617021
hsa-miR-98-3p,1.0,1.0,1.0,0,4,0.0,607,26380,0.023009855951478392,0.0
hsa-miR-98-5p,0.44649944784655327,1.0,1.0,2,4,0.5,9374,26380,0.35534495830174373,1.4070834222317048
hsa-miR-9900,1.0,1.0,1.0,0,4,0.0,10,26380,0.0003790750568612585,0.0
hsa-miR-9903,1.0,1.0,1.0,0,4,0.0,353,26380,0.013381349507202427,0.0
hsa-miR-9983-3p,1.0,1.0,1.0,0,4,0.0,42,26380,0.001592115238817286,0.0
hsa-miR-9985,0.23367069961947726,1.0,1.0,1,4,0.25,1698,26380,0.0643669446550417,3.8839811542991756
hsa-miR-99a-3p,1.0,1.0,1.0,0,4,0.0,535,26380,0.02028051554207733,0.0
hsa-miR-99a-5p,1.0,1.0,1.0,0,4,0.0,771,26380,0.029226686884003032,0.0
hsa-miR-99b-3p,0.17976797664694383,1.0,1.0,1,4,0.25,1275,26380,0.04833206974981046,5.172549019607843
hsa-miR-99b-5p,2.012194712432449e-06,0.0024749994962919124,0.0024749994962919124,4,4,1.0,995,26380,0.03771796815769522,26.512562814070353
